2026-07-25 18:04:12 | INFO | init_db | init_db OK | modo=local
2026-07-25 18:04:31 | INFO | init_db | init_db OK | modo=local
2026-07-25 18:04:37 | INFO | init_db | init_db OK | modo=local
2026-07-25 18:04:37 | INFO | init_db | init_db OK | modo=local
2026-07-25 18:04:42 | INFO | init_db | init_db OK | modo=local
2026-07-25 18:04:42 | INFO | init_db | init_db OK | modo=local
2026-07-25 18:05:53 | INFO | init_db | init_db OK | modo=local
2026-07-25 18:06:02 | INFO | init_db | init_db OK | modo=local
2026-07-25 18:06:02 | INFO | salvar_chamado | salvar_chamado OK | id=14 status=Aberto
2026-07-25 18:06:02 | INFO | init_db | init_db OK | modo=local
2026-07-25 18:06:17 | INFO | init_db | init_db OK | modo=local
2026-07-25 18:06:23 | INFO | init_db | init_db OK | modo=local
2026-07-25 18:06:28 | INFO | init_db | init_db OK | modo=local
2026-07-25 18:06:33 | INFO | init_db | init_db OK | modo=local
2026-07-25 18:06:38 | INFO | init_db | init_db OK | modo=local
2026-07-25 18:06:43 | INFO | init_db | init_db OK | modo=local
2026-07-25 18:06:48 | INFO | init_db | init_db OK | modo=local
2026-07-25 18:06:53 | INFO | init_db | init_db OK | modo=local
2026-07-25 18:06:58 | INFO | init_db | init_db OK | modo=local
2026-07-25 18:07:03 | INFO | init_db | init_db OK | modo=local
2026-07-25 18:07:08 | INFO | init_db | init_db OK | modo=local
2026-07-25 18:07:13 | INFO | init_db | init_db OK | modo=local
2026-07-25 18:07:18 | INFO | init_db | init_db OK | modo=local
2026-07-25 18:07:23 | INFO | init_db | init_db OK | modo=local
2026-07-25 18:07:28 | INFO | init_db | init_db OK | modo=local
2026-07-25 18:07:28 | INFO | init_db | init_db OK | modo=local
2026-07-25 18:07:38 | INFO | init_db | init_db OK | modo=local
2026-07-25 18:07:44 | INFO | init_db | init_db OK | modo=local
2026-07-25 18:07:49 | INFO | init_db | init_db OK | modo=local
2026-07-25 18:07:54 | INFO | init_db | init_db OK | modo=local
2026-07-25 18:07:59 | INFO | init_db | init_db OK | modo=local
2026-07-25 18:08:04 | INFO | init_db | init_db OK | modo=local
2026-07-25 18:08:09 | INFO | init_db | init_db OK | modo=local
2026-07-25 18:08:14 | INFO | init_db | init_db OK | modo=local
2026-07-25 18:08:19 | INFO | init_db | init_db OK | modo=local
2026-07-25 18:08:24 | INFO | init_db | init_db OK | modo=local
2026-07-25 18:08:29 | INFO | init_db | init_db OK | modo=local
2026-07-25 18:08:34 | INFO | init_db | init_db OK | modo=local
2026-07-25 18:08:39 | INFO | init_db | init_db OK | modo=local
2026-07-25 18:09:00 | INFO | init_db | init_db OK | modo=local
2026-07-25 18:09:03 | INFO | init_db | init_db OK | modo=local
2026-07-25 18:09:08 | INFO | init_db | init_db OK | modo=local
2026-07-25 18:09:14 | INFO | init_db | init_db OK | modo=local
2026-07-25 18:09:19 | INFO | init_db | init_db OK | modo=local
2026-07-25 18:09:24 | INFO | init_db | init_db OK | modo=local
2026-07-25 18:09:29 | INFO | init_db | init_db OK | modo=local
2026-07-25 18:09:34 | INFO | init_db | init_db OK | modo=local
2026-07-25 18:09:39 | INFO | init_db | init_db OK | modo=local
2026-07-25 18:09:44 | INFO | init_db | init_db OK | modo=local
2026-07-25 18:09:48 | INFO | init_db | init_db OK | modo=local
2026-07-25 18:09:50 | INFO | init_db | init_db OK | modo=local
2026-07-25 18:09:51 | INFO | init_db | init_db OK | modo=local
2026-07-25 18:09:51 | ERROR | log_error | salvar_chamado id=14 falhou | NaTType does not support strftime
Traceback (most recent call last):
  File "C:\Users\Tecnologia e infra\Documents\app versao publica\app.py", line 225, in salvar_chamado
    "data_hora_abertura": _fmt(chamado.get("data_hora_abertura")),
                          ~~~~^^^^^^^^^^^^^^^^^^^^^^^^^^^^^^^^^^^
  File "C:\Users\Tecnologia e infra\Documents\app versao publica\app.py", line 219, in _fmt
    return v.strftime("%Y-%m-%d %H:%M:%S")
           ~~~~~~~~~~^^^^^^^^^^^^^^^^^^^^^
  File "pandas/_libs/tslibs/nattype.pyx", line 54, in pandas._libs.tslibs.nattype._make_error_func.f
ValueError: NaTType does not support strftime
2026-07-25 18:09:53 | INFO | init_db | init_db OK | modo=local
2026-07-25 18:09:56 | INFO | init_db | init_db OK | modo=local
2026-07-25 18:09:56 | ERROR | log_error | salvar_chamado id=14 falhou | NaTType does not support strftime
Traceback (most recent call last):
  File "C:\Users\Tecnologia e infra\Documents\app versao publica\app.py", line 225, in salvar_chamado
    "data_hora_abertura": _fmt(chamado.get("data_hora_abertura")),
                          ~~~~^^^^^^^^^^^^^^^^^^^^^^^^^^^^^^^^^^^
  File "C:\Users\Tecnologia e infra\Documents\app versao publica\app.py", line 219, in _fmt
    return v.strftime("%Y-%m-%d %H:%M:%S")
           ~~~~~~~~~~^^^^^^^^^^^^^^^^^^^^^
  File "pandas/_libs/tslibs/nattype.pyx", line 54, in pandas._libs.tslibs.nattype._make_error_func.f
ValueError: NaTType does not support strftime
2026-07-25 18:09:58 | INFO | init_db | init_db OK | modo=local
2026-07-25 18:09:59 | INFO | init_db | init_db OK | modo=local
2026-07-25 18:09:59 | ERROR | log_error | salvar_chamado id=14 falhou | NaTType does not support strftime
Traceback (most recent call last):
  File "C:\Users\Tecnologia e infra\Documents\app versao publica\app.py", line 225, in salvar_chamado
    "data_hora_abertura": _fmt(chamado.get("data_hora_abertura")),
                          ~~~~^^^^^^^^^^^^^^^^^^^^^^^^^^^^^^^^^^^
  File "C:\Users\Tecnologia e infra\Documents\app versao publica\app.py", line 219, in _fmt
    return v.strftime("%Y-%m-%d %H:%M:%S")
           ~~~~~~~~~~^^^^^^^^^^^^^^^^^^^^^
  File "pandas/_libs/tslibs/nattype.pyx", line 54, in pandas._libs.tslibs.nattype._make_error_func.f
ValueError: NaTType does not support strftime
2026-07-25 18:10:03 | INFO | init_db | init_db OK | modo=local
2026-07-25 18:10:08 | INFO | init_db | init_db OK | modo=local
2026-07-25 18:10:13 | INFO | init_db | init_db OK | modo=local
2026-07-25 18:10:18 | INFO | init_db | init_db OK | modo=local
2026-07-25 18:10:23 | INFO | init_db | init_db OK | modo=local
2026-07-25 18:10:29 | INFO | init_db | init_db OK | modo=local
2026-07-25 18:10:34 | INFO | init_db | init_db OK | modo=local
2026-07-25 18:10:39 | INFO | init_db | init_db OK | modo=local
2026-07-25 18:10:42 | INFO | init_db | init_db OK | modo=local
2026-07-25 18:10:43 | INFO | init_db | init_db OK | modo=local
2026-07-25 18:10:43 | ERROR | log_error | salvar_chamado id=14 falhou | NaTType does not support strftime
Traceback (most recent call last):
  File "C:\Users\Tecnologia e infra\Documents\app versao publica\app.py", line 225, in salvar_chamado
    "data_hora_abertura": _fmt(chamado.get("data_hora_abertura")),
                          ~~~~^^^^^^^^^^^^^^^^^^^^^^^^^^^^^^^^^^^
  File "C:\Users\Tecnologia e infra\Documents\app versao publica\app.py", line 219, in _fmt
    return v.strftime("%Y-%m-%d %H:%M:%S")
           ~~~~~~~~~~^^^^^^^^^^^^^^^^^^^^^
  File "pandas/_libs/tslibs/nattype.pyx", line 54, in pandas._libs.tslibs.nattype._make_error_func.f
ValueError: NaTType does not support strftime
2026-07-25 18:10:43 | INFO | init_db | init_db OK | modo=local
2026-07-25 18:10:44 | INFO | init_db | init_db OK | modo=local
2026-07-25 18:10:44 | ERROR | log_error | salvar_chamado id=14 falhou | NaTType does not support strftime
Traceback (most recent call last):
  File "C:\Users\Tecnologia e infra\Documents\app versao publica\app.py", line 225, in salvar_chamado
    "data_hora_abertura": _fmt(chamado.get("data_hora_abertura")),
                          ~~~~^^^^^^^^^^^^^^^^^^^^^^^^^^^^^^^^^^^
  File "C:\Users\Tecnologia e infra\Documents\app versao publica\app.py", line 219, in _fmt
    return v.strftime("%Y-%m-%d %H:%M:%S")
           ~~~~~~~~~~^^^^^^^^^^^^^^^^^^^^^
  File "pandas/_libs/tslibs/nattype.pyx", line 54, in pandas._libs.tslibs.nattype._make_error_func.f
ValueError: NaTType does not support strftime
2026-07-25 18:10:48 | INFO | init_db | init_db OK | modo=local
2026-07-25 18:10:53 | INFO | init_db | init_db OK | modo=local
2026-07-25 18:10:58 | INFO | init_db | init_db OK | modo=local
2026-07-25 18:11:03 | INFO | init_db | init_db OK | modo=local
2026-07-25 18:11:08 | INFO | init_db | init_db OK | modo=local
2026-07-25 18:11:13 | INFO | init_db | init_db OK | modo=local
2026-07-25 18:11:19 | INFO | init_db | init_db OK | modo=local
2026-07-25 18:11:24 | INFO | init_db | init_db OK | modo=local
2026-07-25 18:11:29 | INFO | init_db | init_db OK | modo=local
2026-07-25 18:11:34 | INFO | init_db | init_db OK | modo=local
2026-07-25 18:11:39 | INFO | init_db | init_db OK | modo=local
2026-07-25 18:11:44 | INFO | init_db | init_db OK | modo=local
2026-07-25 18:11:49 | INFO | init_db | init_db OK | modo=local
2026-07-25 18:11:54 | INFO | init_db | init_db OK | modo=local
2026-07-25 18:11:57 | INFO | init_db | init_db OK | modo=local
2026-07-25 18:11:58 | INFO | init_db | init_db OK | modo=local
2026-07-25 18:12:06 | INFO | init_db | init_db OK | modo=local
2026-07-25 18:12:11 | INFO | init_db | init_db OK | modo=local
2026-07-25 18:12:16 | INFO | init_db | init_db OK | modo=local
2026-07-25 18:12:18 | INFO | init_db | init_db OK | modo=local
2026-07-25 18:12:18 | INFO | salvar_chamado | salvar_chamado OK | id=14 status=Em Atendimento
2026-07-25 18:12:18 | INFO | init_db | init_db OK | modo=local
2026-07-25 18:12:21 | INFO | init_db | init_db OK | modo=local
2026-07-25 18:12:22 | INFO | init_db | init_db OK | modo=local
2026-07-25 18:12:23 | INFO | init_db | init_db OK | modo=local
2026-07-25 18:12:23 | INFO | salvar_chamado | salvar_chamado OK | id=14 status=Concluído
2026-07-25 18:12:23 | INFO | init_db | init_db OK | modo=local
2026-07-25 18:12:26 | INFO | init_db | init_db OK | modo=local
2026-07-25 18:12:31 | INFO | init_db | init_db OK | modo=local
2026-07-25 18:12:36 | INFO | init_db | init_db OK | modo=local
2026-07-25 18:12:41 | INFO | init_db | init_db OK | modo=local
2026-07-25 18:12:46 | INFO | init_db | init_db OK | modo=local
2026-07-25 18:12:51 | INFO | init_db | init_db OK | modo=local
2026-07-25 18:12:56 | INFO | init_db | init_db OK | modo=local
2026-07-25 18:13:01 | INFO | init_db | init_db OK | modo=local
2026-07-25 18:13:06 | INFO | init_db | init_db OK | modo=local
2026-07-25 18:13:11 | INFO | init_db | init_db OK | modo=local
2026-07-25 18:13:16 | INFO | init_db | init_db OK | modo=local
2026-07-25 18:13:21 | INFO | init_db | init_db OK | modo=local
2026-07-25 18:13:26 | INFO | init_db | init_db OK | modo=local
2026-07-25 18:13:31 | INFO | init_db | init_db OK | modo=local
2026-07-25 18:13:36 | INFO | init_db | init_db OK | modo=local
2026-07-25 18:13:41 | INFO | init_db | init_db OK | modo=local
2026-07-25 18:13:46 | INFO | init_db | init_db OK | modo=local
2026-07-25 18:13:51 | INFO | init_db | init_db OK | modo=local
2026-07-25 18:13:56 | INFO | init_db | init_db OK | modo=local
2026-07-25 18:14:01 | INFO | init_db | init_db OK | modo=local
2026-07-25 18:14:06 | INFO | init_db | init_db OK | modo=local
2026-07-25 18:14:11 | INFO | init_db | init_db OK | modo=local
2026-07-25 18:14:16 | INFO | init_db | init_db OK | modo=local
2026-07-25 18:14:21 | INFO | init_db | init_db OK | modo=local
2026-07-25 18:14:26 | INFO | init_db | init_db OK | modo=local
2026-07-25 18:14:31 | INFO | init_db | init_db OK | modo=local
2026-07-25 18:14:36 | INFO | init_db | init_db OK | modo=local
2026-07-25 18:14:41 | INFO | init_db | init_db OK | modo=local
2026-07-25 18:14:46 | INFO | init_db | init_db OK | modo=local
2026-07-25 18:14:51 | INFO | init_db | init_db OK | modo=local
2026-07-25 18:14:56 | INFO | init_db | init_db OK | modo=local
2026-07-25 18:15:01 | INFO | init_db | init_db OK | modo=local
2026-07-25 18:15:06 | INFO | init_db | init_db OK | modo=local
2026-07-25 18:15:11 | INFO | init_db | init_db OK | modo=local
2026-07-25 18:15:16 | INFO | init_db | init_db OK | modo=local
2026-07-25 18:15:21 | INFO | init_db | init_db OK | modo=local
2026-07-25 18:15:21 | INFO | init_db | init_db OK | modo=local
2026-07-25 18:15:23 | INFO | init_db | init_db OK | modo=local
2026-07-25 18:21:00 | INFO | init_db | init_db OK | modo=local
2026-07-25 18:21:00 | INFO | salvar_chamado | salvar_chamado OK | id=15 status=Aberto
2026-07-25 18:21:00 | INFO | init_db | init_db OK | modo=local
2026-07-25 18:24:16 | INFO | init_db | init_db OK | modo=local
2026-07-25 18:24:21 | INFO | init_db | init_db OK | modo=local
2026-07-25 18:24:23 | INFO | init_db | init_db OK | modo=local
2026-07-25 18:24:24 | INFO | init_db | init_db OK | modo=local
2026-07-25 18:24:24 | INFO | salvar_chamado | salvar_chamado OK | id=15 status=Em Atendimento
2026-07-25 18:24:24 | INFO | init_db | init_db OK | modo=local
2026-07-25 18:24:26 | INFO | init_db | init_db OK | modo=local
2026-07-25 18:24:30 | INFO | init_db | init_db OK | modo=local
2026-07-25 18:24:30 | INFO | init_db | init_db OK | modo=local
2026-07-25 18:24:30 | INFO | salvar_chamado | salvar_chamado OK | id=15 status=Concluído
2026-07-25 18:24:30 | INFO | init_db | init_db OK | modo=local
2026-07-25 18:24:31 | INFO | init_db | init_db OK | modo=local
2026-07-25 18:24:36 | INFO | init_db | init_db OK | modo=local
2026-07-25 18:24:41 | INFO | init_db | init_db OK | modo=local
2026-07-25 18:24:46 | INFO | init_db | init_db OK | modo=local
2026-07-25 18:24:51 | INFO | init_db | init_db OK | modo=local
2026-07-25 18:24:56 | INFO | init_db | init_db OK | modo=local
2026-07-25 18:25:01 | INFO | init_db | init_db OK | modo=local
2026-07-25 18:25:06 | INFO | init_db | init_db OK | modo=local
2026-07-25 18:25:11 | INFO | init_db | init_db OK | modo=local
2026-07-25 18:25:16 | INFO | init_db | init_db OK | modo=local
2026-07-25 18:25:21 | INFO | init_db | init_db OK | modo=local
2026-07-25 18:25:26 | INFO | init_db | init_db OK | modo=local
2026-07-25 18:25:31 | INFO | init_db | init_db OK | modo=local
2026-07-25 18:25:36 | INFO | init_db | init_db OK | modo=local
2026-07-25 18:25:41 | INFO | init_db | init_db OK | modo=local
2026-07-25 18:25:46 | INFO | init_db | init_db OK | modo=local
2026-07-25 18:25:51 | INFO | init_db | init_db OK | modo=local
2026-07-25 18:25:56 | INFO | init_db | init_db OK | modo=local
2026-07-25 18:26:01 | INFO | init_db | init_db OK | modo=local
2026-07-25 18:26:06 | INFO | init_db | init_db OK | modo=local
2026-07-25 18:26:11 | INFO | init_db | init_db OK | modo=local
2026-07-25 18:26:16 | INFO | init_db | init_db OK | modo=local
2026-07-25 18:26:21 | INFO | init_db | init_db OK | modo=local
2026-07-25 18:26:26 | INFO | init_db | init_db OK | modo=local
2026-07-25 18:26:31 | INFO | init_db | init_db OK | modo=local
2026-07-25 18:26:36 | INFO | init_db | init_db OK | modo=local
2026-07-25 18:26:41 | INFO | init_db | init_db OK | modo=local
2026-07-25 18:26:46 | INFO | init_db | init_db OK | modo=local
2026-07-25 18:26:51 | INFO | init_db | init_db OK | modo=local
2026-07-25 18:26:56 | INFO | init_db | init_db OK | modo=local
2026-07-25 18:27:01 | INFO | init_db | init_db OK | modo=local
2026-07-25 18:27:06 | INFO | init_db | init_db OK | modo=local
2026-07-25 18:27:11 | INFO | init_db | init_db OK | modo=local
2026-07-25 18:27:16 | INFO | init_db | init_db OK | modo=local
2026-07-25 18:27:21 | INFO | init_db | init_db OK | modo=local
2026-07-25 18:27:26 | INFO | init_db | init_db OK | modo=local
2026-07-25 18:27:31 | INFO | init_db | init_db OK | modo=local
2026-07-25 18:27:36 | INFO | init_db | init_db OK | modo=local
2026-07-25 18:27:41 | INFO | init_db | init_db OK | modo=local
2026-07-25 18:27:46 | INFO | init_db | init_db OK | modo=local
2026-07-25 18:27:51 | INFO | init_db | init_db OK | modo=local
2026-07-25 18:27:56 | INFO | init_db | init_db OK | modo=local
2026-07-25 18:28:01 | INFO | init_db | init_db OK | modo=local
2026-07-25 18:28:06 | INFO | init_db | init_db OK | modo=local
2026-07-25 18:28:11 | INFO | init_db | init_db OK | modo=local
2026-07-25 18:28:16 | INFO | init_db | init_db OK | modo=local
2026-07-25 18:28:21 | INFO | init_db | init_db OK | modo=local
2026-07-25 18:28:26 | INFO | init_db | init_db OK | modo=local
2026-07-25 18:28:31 | INFO | init_db | init_db OK | modo=local
2026-07-25 18:28:36 | INFO | init_db | init_db OK | modo=local
2026-07-25 18:28:41 | INFO | init_db | init_db OK | modo=local
2026-07-25 18:28:46 | INFO | init_db | init_db OK | modo=local
2026-07-25 18:28:51 | INFO | init_db | init_db OK | modo=local
2026-07-25 18:28:56 | INFO | init_db | init_db OK | modo=local
2026-07-25 18:29:01 | INFO | init_db | init_db OK | modo=local
2026-07-25 18:29:06 | INFO | init_db | init_db OK | modo=local
2026-07-25 18:29:11 | INFO | init_db | init_db OK | modo=local
2026-07-25 18:29:16 | INFO | init_db | init_db OK | modo=local
2026-07-25 18:29:21 | INFO | init_db | init_db OK | modo=local
2026-07-25 18:29:26 | INFO | init_db | init_db OK | modo=local
2026-07-25 18:29:31 | INFO | init_db | init_db OK | modo=local
2026-07-25 18:29:36 | INFO | init_db | init_db OK | modo=local
2026-07-25 18:29:41 | INFO | init_db | init_db OK | modo=local
2026-07-25 18:29:46 | INFO | init_db | init_db OK | modo=local
2026-07-25 18:29:51 | INFO | init_db | init_db OK | modo=local
2026-07-25 18:29:56 | INFO | init_db | init_db OK | modo=local
2026-07-25 18:30:01 | INFO | init_db | init_db OK | modo=local
2026-07-25 18:30:06 | INFO | init_db | init_db OK | modo=local
2026-07-25 18:30:11 | INFO | init_db | init_db OK | modo=local
2026-07-25 18:30:16 | INFO | init_db | init_db OK | modo=local
2026-07-25 18:30:21 | INFO | init_db | init_db OK | modo=local
2026-07-25 18:30:26 | INFO | init_db | init_db OK | modo=local
2026-07-25 18:30:31 | INFO | init_db | init_db OK | modo=local
2026-07-25 18:30:36 | INFO | init_db | init_db OK | modo=local
2026-07-25 18:30:41 | INFO | init_db | init_db OK | modo=local
2026-07-25 18:30:46 | INFO | init_db | init_db OK | modo=local
2026-07-25 18:30:51 | INFO | init_db | init_db OK | modo=local
2026-07-25 18:30:56 | INFO | init_db | init_db OK | modo=local
2026-07-25 18:31:01 | INFO | init_db | init_db OK | modo=local
2026-07-25 18:31:06 | INFO | init_db | init_db OK | modo=local
2026-07-25 18:31:11 | INFO | init_db | init_db OK | modo=local
2026-07-25 18:31:16 | INFO | init_db | init_db OK | modo=local
2026-07-25 18:31:21 | INFO | init_db | init_db OK | modo=local
2026-07-25 18:31:26 | INFO | init_db | init_db OK | modo=local
2026-07-25 18:31:31 | INFO | init_db | init_db OK | modo=local
2026-07-25 18:31:36 | INFO | init_db | init_db OK | modo=local
2026-07-25 18:31:41 | INFO | init_db | init_db OK | modo=local
2026-07-25 18:31:46 | INFO | init_db | init_db OK | modo=local
2026-07-25 18:31:51 | INFO | init_db | init_db OK | modo=local
2026-07-25 18:31:56 | INFO | init_db | init_db OK | modo=local
2026-07-25 18:32:01 | INFO | init_db | init_db OK | modo=local
2026-07-25 18:32:06 | INFO | init_db | init_db OK | modo=local
2026-07-25 18:32:11 | INFO | init_db | init_db OK | modo=local
2026-07-25 18:32:16 | INFO | init_db | init_db OK | modo=local
2026-07-25 18:32:21 | INFO | init_db | init_db OK | modo=local
2026-07-25 18:32:26 | INFO | init_db | init_db OK | modo=local
2026-07-25 18:32:31 | INFO | init_db | init_db OK | modo=local
2026-07-25 18:32:36 | INFO | init_db | init_db OK | modo=local
2026-07-25 18:32:41 | INFO | init_db | init_db OK | modo=local
2026-07-25 18:32:46 | INFO | init_db | init_db OK | modo=local
2026-07-25 18:32:51 | INFO | init_db | init_db OK | modo=local
2026-07-25 18:32:55 | INFO | init_db | init_db OK | modo=local
2026-07-25 18:33:00 | INFO | init_db | init_db OK | modo=local
2026-07-25 18:33:00 | INFO | init_db | init_db OK | modo=local
2026-07-25 18:33:13 | INFO | init_db | init_db OK | modo=local
2026-07-25 18:33:13 | INFO | init_db | init_db OK | modo=local
2026-07-25 18:34:05 | INFO | init_db | init_db OK | modo=local
2026-07-25 18:35:57 | INFO | init_db | init_db OK | modo=local
2026-07-25 18:36:14 | INFO | init_db | init_db OK | modo=local
2026-07-25 18:36:20 | INFO | init_db | init_db OK | modo=local
2026-07-25 18:36:25 | INFO | init_db | init_db OK | modo=local
2026-07-25 18:36:30 | INFO | init_db | init_db OK | modo=local
2026-07-25 18:36:30 | INFO | init_db | init_db OK | modo=local
2026-07-25 18:43:55 | INFO | init_db | init_db OK | modo=local
2026-07-25 18:44:13 | INFO | init_db | init_db OK | modo=local
2026-07-25 18:44:13 | INFO | salvar_chamado | salvar_chamado OK | id=16 status=Aberto | dual=False
2026-07-25 18:44:13 | INFO | init_db | init_db OK | modo=local
2026-07-25 18:44:20 | INFO | init_db | init_db OK | modo=local
2026-07-25 18:44:26 | INFO | init_db | init_db OK | modo=local
2026-07-25 18:44:26 | INFO | init_db | init_db OK | modo=local
2026-07-25 18:44:27 | INFO | init_db | init_db OK | modo=local
2026-07-25 18:44:27 | INFO | salvar_chamado | salvar_chamado OK | id=16 status=Em Atendimento | dual=False
2026-07-25 18:44:27 | INFO | init_db | init_db OK | modo=local
2026-07-25 18:44:30 | INFO | init_db | init_db OK | modo=local
2026-07-25 18:44:30 | INFO | init_db | init_db OK | modo=local
2026-07-25 18:44:30 | INFO | salvar_chamado | salvar_chamado OK | id=16 status=Concluído | dual=False
2026-07-25 18:44:30 | INFO | init_db | init_db OK | modo=local
2026-07-25 18:44:31 | INFO | init_db | init_db OK | modo=local
2026-07-25 18:44:33 | INFO | init_db | init_db OK | modo=local
2026-07-25 18:44:41 | INFO | init_db | init_db OK | modo=local
2026-07-25 18:44:41 | INFO | init_db | init_db OK | modo=local
2026-07-25 19:00:53 | INFO | init_db | init_db OK | modo=local
2026-07-25 19:01:51 | INFO | init_db | init_db OK | modo=local
2026-07-25 19:15:49 | INFO | init_db | init_db OK | modo=local
2026-07-25 19:41:14 | INFO | get_connection_string | SQLITECLOUD_URL não encontrada. Usando apenas banco local.
2026-07-25 19:41:14 | INFO | init_db | init_db OK | modo=local | cloud=SQLITECLOUD_URL ausente nos secrets
2026-07-25 19:41:14 | INFO | get_connection_string | SQLITECLOUD_URL não encontrada. Usando apenas banco local.
2026-07-25 19:41:14 | INFO | get_connection_string | SQLITECLOUD_URL não encontrada. Usando apenas banco local.
2026-07-25 19:41:14 | INFO | get_connection_string | SQLITECLOUD_URL não encontrada. Usando apenas banco local.
2026-07-25 19:41:14 | INFO | get_connection_string | SQLITECLOUD_URL não encontrada. Usando apenas banco local.
2026-07-25 19:41:14 | INFO | get_connection_string | SQLITECLOUD_URL não encontrada. Usando apenas banco local.
2026-07-25 19:51:29 | INFO | init_db | init_db OK | modo=local+cloud | cloud=conectado OK
2026-07-25 19:54:51 | INFO | init_db | init_db OK | modo=local+cloud | cloud=conectado OK
2026-07-25 19:55:00 | INFO | init_db | init_db OK | modo=local+cloud | cloud=conectado OK
2026-07-25 19:55:08 | INFO | init_db | init_db OK | modo=local+cloud | cloud=conectado OK
2026-07-25 19:55:14 | INFO | init_db | init_db OK | modo=local+cloud | cloud=conectado OK
2026-07-25 19:55:15 | INFO | init_db | init_db OK | modo=local+cloud | cloud=conectado OK
2026-07-25 20:02:10 | INFO | init_db | init_db OK | modo=local+cloud | cloud=conectado OK
2026-07-25 20:02:33 | INFO | init_db | init_db OK | modo=local+cloud | cloud=conectado OK
2026-07-25 20:02:36 | INFO | salvar_chamado | salvar_chamado OK | id=17 status=Aberto | dual=True
2026-07-25 20:02:40 | INFO | init_db | init_db OK | modo=local+cloud | cloud=conectado OK
2026-07-25 20:02:47 | INFO | init_db | init_db OK | modo=local+cloud | cloud=conectado OK
2026-07-25 20:02:57 | INFO | init_db | init_db OK | modo=local+cloud | cloud=conectado OK
2026-07-25 20:02:58 | INFO | init_db | init_db OK | modo=local+cloud | cloud=conectado OK
2026-07-25 20:03:02 | INFO | init_db | init_db OK | modo=local+cloud | cloud=conectado OK
2026-07-25 20:03:07 | INFO | init_db | init_db OK | modo=local+cloud | cloud=conectado OK
2026-07-25 20:03:08 | INFO | init_db | init_db OK | modo=local+cloud | cloud=conectado OK
2026-07-25 20:03:09 | INFO | init_db | init_db OK | modo=local+cloud | cloud=conectado OK
2026-07-25 20:03:09 | INFO | init_db | init_db OK | modo=local+cloud | cloud=conectado OK
2026-07-25 20:03:12 | INFO | init_db | init_db OK | modo=local+cloud | cloud=conectado OK
2026-07-25 20:03:17 | INFO | init_db | init_db OK | modo=local+cloud | cloud=conectado OK
2026-07-25 20:03:22 | INFO | init_db | init_db OK | modo=local+cloud | cloud=conectado OK
2026-07-25 20:03:27 | INFO | init_db | init_db OK | modo=local+cloud | cloud=conectado OK
2026-07-25 20:03:32 | INFO | init_db | init_db OK | modo=local+cloud | cloud=conectado OK
2026-07-25 20:03:37 | INFO | init_db | init_db OK | modo=local+cloud | cloud=conectado OK
2026-07-25 20:03:42 | INFO | init_db | init_db OK | modo=local+cloud | cloud=conectado OK
2026-07-25 20:03:47 | INFO | init_db | init_db OK | modo=local+cloud | cloud=conectado OK
2026-07-25 20:03:52 | INFO | init_db | init_db OK | modo=local+cloud | cloud=conectado OK
2026-07-25 20:03:57 | INFO | init_db | init_db OK | modo=local+cloud | cloud=conectado OK
2026-07-25 20:04:02 | INFO | init_db | init_db OK | modo=local+cloud | cloud=conectado OK
2026-07-25 20:04:02 | INFO | init_db | init_db OK | modo=local+cloud | cloud=conectado OK
2026-07-25 20:04:07 | INFO | salvar_chamado | salvar_chamado OK | id=17 status=Em Atendimento | dual=True
2026-07-25 20:04:07 | INFO | init_db | init_db OK | modo=local+cloud | cloud=conectado OK
2026-07-25 20:04:07 | INFO | init_db | init_db OK | modo=local+cloud | cloud=conectado OK
2026-07-25 20:04:07 | INFO | init_db | init_db OK | modo=local+cloud | cloud=conectado OK
2026-07-25 20:04:12 | INFO | init_db | init_db OK | modo=local+cloud | cloud=conectado OK
2026-07-25 20:04:17 | INFO | init_db | init_db OK | modo=local+cloud | cloud=conectado OK
2026-07-25 20:04:22 | INFO | init_db | init_db OK | modo=local+cloud | cloud=conectado OK
2026-07-25 20:04:27 | INFO | init_db | init_db OK | modo=local+cloud | cloud=conectado OK
2026-07-25 20:04:29 | INFO | init_db | init_db OK | modo=local+cloud | cloud=conectado OK
2026-07-25 20:04:29 | INFO | init_db | init_db OK | modo=local+cloud | cloud=conectado OK
2026-07-25 20:04:29 | INFO | init_db | init_db OK | modo=local+cloud | cloud=conectado OK
2026-07-25 20:04:32 | INFO | init_db | init_db OK | modo=local+cloud | cloud=conectado OK
2026-07-25 20:04:37 | INFO | init_db | init_db OK | modo=local+cloud | cloud=conectado OK
2026-07-25 20:04:41 | INFO | init_db | init_db OK | modo=local+cloud | cloud=conectado OK
2026-07-25 20:04:42 | INFO | init_db | init_db OK | modo=local+cloud | cloud=conectado OK
2026-07-25 20:04:42 | INFO | init_db | init_db OK | modo=local+cloud | cloud=conectado OK
2026-07-25 20:04:42 | INFO | init_db | init_db OK | modo=local+cloud | cloud=conectado OK
2026-07-25 20:04:46 | INFO | salvar_chamado | salvar_chamado OK | id=17 status=Concluído | dual=True
2026-07-25 20:04:47 | INFO | init_db | init_db OK | modo=local+cloud | cloud=conectado OK
2026-07-25 20:04:47 | INFO | init_db | init_db OK | modo=local+cloud | cloud=conectado OK
2026-07-25 20:04:52 | INFO | init_db | init_db OK | modo=local+cloud | cloud=conectado OK
2026-07-25 20:04:57 | INFO | init_db | init_db OK | modo=local+cloud | cloud=conectado OK
2026-07-25 20:05:02 | INFO | init_db | init_db OK | modo=local+cloud | cloud=conectado OK
2026-07-25 20:05:05 | INFO | init_db | init_db OK | modo=local+cloud | cloud=conectado OK
2026-07-25 20:05:07 | INFO | init_db | init_db OK | modo=local+cloud | cloud=conectado OK
2026-07-25 20:05:17 | INFO | init_db | init_db OK | modo=local+cloud | cloud=conectado OK
2026-07-25 20:05:19 | ERROR | log_error | sync_local_to_cloud falhou | table "chamados" already exists
Traceback (most recent call last):
  File "C:\Users\Tecnologia e infra\Documents\app versao publica\app.py", line 266, in sync_local_to_cloud
    df.to_sql(tabela, cloud, if_exists="append", index=False)
    ~~~~~~~~~^^^^^^^^^^^^^^^^^^^^^^^^^^^^^^^^^^^^^^^^^^^^^^^^
  File "C:\Users\Tecnologia e infra\AppData\Local\Python\pythoncore-3.14-64\Lib\site-packages\pandas\core\generic.py", line 3052, in to_sql
    return sql.to_sql(
           ~~~~~~~~~~^
        self,
        ^^^^^
    ...<8 lines>...
        method=method,
        ^^^^^^^^^^^^^^
    )
    ^
  File "C:\Users\Tecnologia e infra\AppData\Local\Python\pythoncore-3.14-64\Lib\site-packages\pandas\io\sql.py", line 841, in to_sql
    return pandas_sql.to_sql(
           ~~~~~~~~~~~~~~~~~^
        frame,
        ^^^^^^
    ...<9 lines>...
        **engine_kwargs,
        ^^^^^^^^^^^^^^^^
    )
    ^
  File "C:\Users\Tecnologia e infra\AppData\Local\Python\pythoncore-3.14-64\Lib\site-packages\pandas\io\sql.py", line 2879, in to_sql
    table.create()
    ~~~~~~~~~~~~^^
  File "C:\Users\Tecnologia e infra\AppData\Local\Python\pythoncore-3.14-64\Lib\site-packages\pandas\io\sql.py", line 999, in create
    self._execute_create()
    ~~~~~~~~~~~~~~~~~~~~^^
  File "C:\Users\Tecnologia e infra\AppData\Local\Python\pythoncore-3.14-64\Lib\site-packages\pandas\io\sql.py", line 2545, in _execute_create
    cur.execute(stmt)
    ~~~~~~~~~~~^^^^^^
  File "C:\Users\Tecnologia e infra\AppData\Local\Python\pythoncore-3.14-64\Lib\site-packages\sqlitecloud\dbapi2.py", line 583, in execute
    result = self._driver.execute_statement(
        sql, parameters, self.connection.sqlitecloud_connection
    )
  File "C:\Users\Tecnologia e infra\AppData\Local\Python\pythoncore-3.14-64\Lib\site-packages\sqlitecloud\driver.py", line 109, in execute_statement
    result = self._internal_run_command(connection, command)
  File "C:\Users\Tecnologia e infra\AppData\Local\Python\pythoncore-3.14-64\Lib\site-packages\sqlitecloud\driver.py", line 487, in _internal_run_command
    return self._internal_socket_read(connection, main_socket)
           ~~~~~~~~~~~~~~~~~~~~~~~~~~^^^^^^^^^^^^^^^^^^^^^^^^^
  File "C:\Users\Tecnologia e infra\AppData\Local\Python\pythoncore-3.14-64\Lib\site-packages\sqlitecloud\driver.py", line 595, in _internal_socket_read
    return self._internal_parse_buffer(connection, buffer, len(buffer))
           ~~~~~~~~~~~~~~~~~~~~~~~~~~~^^^^^^^^^^^^^^^^^^^^^^^^^^^^^^^^^
  File "C:\Users\Tecnologia e infra\AppData\Local\Python\pythoncore-3.14-64\Lib\site-packages\sqlitecloud\driver.py", line 736, in _internal_parse_buffer
    raise get_sqlitecloud_error_with_extended_code(
        errmsg.decode(), errcode, xerrcode
    )(errmsg.decode(), errcode, xerrcode)
sqlitecloud.exceptions.SQLiteCloudOperationalError: table "chamados" already exists
2026-07-25 20:05:33 | INFO | init_db | init_db OK | modo=local+cloud | cloud=conectado OK
2026-07-25 20:05:36 | ERROR | log_error | sync_local_to_cloud falhou | table "chamados" already exists
Traceback (most recent call last):
  File "C:\Users\Tecnologia e infra\Documents\app versao publica\app.py", line 266, in sync_local_to_cloud
    df.to_sql(tabela, cloud, if_exists="append", index=False)
    ~~~~~~~~~^^^^^^^^^^^^^^^^^^^^^^^^^^^^^^^^^^^^^^^^^^^^^^^^
  File "C:\Users\Tecnologia e infra\AppData\Local\Python\pythoncore-3.14-64\Lib\site-packages\pandas\core\generic.py", line 3052, in to_sql
    return sql.to_sql(
           ~~~~~~~~~~^
        self,
        ^^^^^
    ...<8 lines>...
        method=method,
        ^^^^^^^^^^^^^^
    )
    ^
  File "C:\Users\Tecnologia e infra\AppData\Local\Python\pythoncore-3.14-64\Lib\site-packages\pandas\io\sql.py", line 841, in to_sql
    return pandas_sql.to_sql(
           ~~~~~~~~~~~~~~~~~^
        frame,
        ^^^^^^
    ...<9 lines>...
        **engine_kwargs,
        ^^^^^^^^^^^^^^^^
    )
    ^
  File "C:\Users\Tecnologia e infra\AppData\Local\Python\pythoncore-3.14-64\Lib\site-packages\pandas\io\sql.py", line 2879, in to_sql
    table.create()
    ~~~~~~~~~~~~^^
  File "C:\Users\Tecnologia e infra\AppData\Local\Python\pythoncore-3.14-64\Lib\site-packages\pandas\io\sql.py", line 999, in create
    self._execute_create()
    ~~~~~~~~~~~~~~~~~~~~^^
  File "C:\Users\Tecnologia e infra\AppData\Local\Python\pythoncore-3.14-64\Lib\site-packages\pandas\io\sql.py", line 2545, in _execute_create
    cur.execute(stmt)
    ~~~~~~~~~~~^^^^^^
  File "C:\Users\Tecnologia e infra\AppData\Local\Python\pythoncore-3.14-64\Lib\site-packages\sqlitecloud\dbapi2.py", line 583, in execute
    result = self._driver.execute_statement(
        sql, parameters, self.connection.sqlitecloud_connection
    )
  File "C:\Users\Tecnologia e infra\AppData\Local\Python\pythoncore-3.14-64\Lib\site-packages\sqlitecloud\driver.py", line 109, in execute_statement
    result = self._internal_run_command(connection, command)
  File "C:\Users\Tecnologia e infra\AppData\Local\Python\pythoncore-3.14-64\Lib\site-packages\sqlitecloud\driver.py", line 487, in _internal_run_command
    return self._internal_socket_read(connection, main_socket)
           ~~~~~~~~~~~~~~~~~~~~~~~~~~^^^^^^^^^^^^^^^^^^^^^^^^^
  File "C:\Users\Tecnologia e infra\AppData\Local\Python\pythoncore-3.14-64\Lib\site-packages\sqlitecloud\driver.py", line 595, in _internal_socket_read
    return self._internal_parse_buffer(connection, buffer, len(buffer))
           ~~~~~~~~~~~~~~~~~~~~~~~~~~~^^^^^^^^^^^^^^^^^^^^^^^^^^^^^^^^^
  File "C:\Users\Tecnologia e infra\AppData\Local\Python\pythoncore-3.14-64\Lib\site-packages\sqlitecloud\driver.py", line 736, in _internal_parse_buffer
    raise get_sqlitecloud_error_with_extended_code(
        errmsg.decode(), errcode, xerrcode
    )(errmsg.decode(), errcode, xerrcode)
sqlitecloud.exceptions.SQLiteCloudOperationalError: table "chamados" already exists
2026-07-25 20:06:09 | INFO | init_db | init_db OK | modo=local+cloud | cloud=conectado OK
2026-07-25 20:06:19 | INFO | init_db | init_db OK | modo=local+cloud | cloud=conectado OK
2026-07-25 20:06:25 | INFO | init_db | init_db OK | modo=local+cloud | cloud=conectado OK
2026-07-25 20:06:27 | INFO | init_db | init_db OK | modo=local+cloud | cloud=conectado OK
2026-07-25 20:06:59 | INFO | init_db | init_db OK | modo=local+cloud | cloud=conectado OK
2026-07-25 20:07:08 | INFO | init_db | init_db OK | modo=local+cloud | cloud=conectado OK
2026-07-25 20:07:13 | INFO | init_db | init_db OK | modo=local+cloud | cloud=conectado OK
2026-07-25 20:07:18 | INFO | init_db | init_db OK | modo=local+cloud | cloud=conectado OK
2026-07-25 20:07:23 | INFO | init_db | init_db OK | modo=local+cloud | cloud=conectado OK
2026-07-25 20:07:28 | INFO | init_db | init_db OK | modo=local+cloud | cloud=conectado OK
2026-07-25 20:07:33 | INFO | init_db | init_db OK | modo=local+cloud | cloud=conectado OK
2026-07-25 20:07:38 | INFO | init_db | init_db OK | modo=local+cloud | cloud=conectado OK
2026-07-25 20:07:43 | INFO | init_db | init_db OK | modo=local+cloud | cloud=conectado OK
2026-07-25 20:07:48 | INFO | init_db | init_db OK | modo=local+cloud | cloud=conectado OK
2026-07-25 20:07:53 | INFO | init_db | init_db OK | modo=local+cloud | cloud=conectado OK
2026-07-25 20:07:58 | INFO | init_db | init_db OK | modo=local+cloud | cloud=conectado OK
2026-07-25 20:08:03 | INFO | init_db | init_db OK | modo=local+cloud | cloud=conectado OK
2026-07-25 20:08:08 | INFO | init_db | init_db OK | modo=local+cloud | cloud=conectado OK
2026-07-25 20:08:13 | INFO | init_db | init_db OK | modo=local+cloud | cloud=conectado OK
2026-07-25 20:08:18 | INFO | init_db | init_db OK | modo=local+cloud | cloud=conectado OK
2026-07-25 20:08:23 | INFO | init_db | init_db OK | modo=local+cloud | cloud=conectado OK
2026-07-25 20:08:28 | INFO | init_db | init_db OK | modo=local+cloud | cloud=conectado OK
2026-07-25 20:08:33 | INFO | init_db | init_db OK | modo=local+cloud | cloud=conectado OK
2026-07-25 20:08:38 | INFO | init_db | init_db OK | modo=local+cloud | cloud=conectado OK
2026-07-25 20:08:43 | INFO | init_db | init_db OK | modo=local+cloud | cloud=conectado OK
2026-07-25 20:08:48 | INFO | init_db | init_db OK | modo=local+cloud | cloud=conectado OK
2026-07-25 20:08:53 | INFO | init_db | init_db OK | modo=local+cloud | cloud=conectado OK
2026-07-25 20:08:58 | INFO | init_db | init_db OK | modo=local+cloud | cloud=conectado OK
2026-07-25 20:09:03 | INFO | init_db | init_db OK | modo=local+cloud | cloud=conectado OK
2026-07-25 20:09:08 | INFO | init_db | init_db OK | modo=local+cloud | cloud=conectado OK
2026-07-25 20:09:13 | INFO | init_db | init_db OK | modo=local+cloud | cloud=conectado OK
2026-07-25 20:09:18 | INFO | init_db | init_db OK | modo=local+cloud | cloud=conectado OK
2026-07-25 20:09:21 | INFO | init_db | init_db OK | modo=local+cloud | cloud=conectado OK
2026-07-25 20:09:23 | INFO | init_db | init_db OK | modo=local+cloud | cloud=conectado OK
2026-07-26 12:13:46 | ERROR | log_error | Falha ao conectar no SQLite Cloud | url=sqlitecloud://cvvuzgkevz.g4.sqlite.cloud:8860/banco_chamados... | Your free node has been paused due to inactivity. To resume usage, please restart your node from your dashboard: https://dashboard.sqlitecloud.io
Traceback (most recent call last):
  File "C:\Users\Tecnologia e infra\Documents\app versao publica\app.py", line 148, in get_cloud_connection
    conn = sqlitecloud.connect(cloud_url)
  File "C:\Users\Tecnologia e infra\AppData\Local\Python\pythoncore-3.14-64\Lib\site-packages\sqlitecloud\dbapi2.py", line 180, in connect
    driver.connect(config.account.hostname, config.account.port, config),
    ~~~~~~~~~~~~~~^^^^^^^^^^^^^^^^^^^^^^^^^^^^^^^^^^^^^^^^^^^^^^^^^^^^^^
  File "C:\Users\Tecnologia e infra\AppData\Local\Python\pythoncore-3.14-64\Lib\site-packages\sqlitecloud\driver.py", line 64, in connect
    self._internal_config_apply(connection, config)
    ~~~~~~~~~~~~~~~~~~~~~~~~~~~^^^^^^^^^^^^^^^^^^^^
  File "C:\Users\Tecnologia e infra\AppData\Local\Python\pythoncore-3.14-64\Lib\site-packages\sqlitecloud\driver.py", line 469, in _internal_config_apply
    self._internal_run_command(
    ~~~~~~~~~~~~~~~~~~~~~~~~~~^
        connection, self._internal_serialize_command(command)
        ^^^^^^^^^^^^^^^^^^^^^^^^^^^^^^^^^^^^^^^^^^^^^^^^^^^^^
    )
    ^
  File "C:\Users\Tecnologia e infra\AppData\Local\Python\pythoncore-3.14-64\Lib\site-packages\sqlitecloud\driver.py", line 487, in _internal_run_command
    return self._internal_socket_read(connection, main_socket)
           ~~~~~~~~~~~~~~~~~~~~~~~~~~^^^^^^^^^^^^^^^^^^^^^^^^^
  File "C:\Users\Tecnologia e infra\AppData\Local\Python\pythoncore-3.14-64\Lib\site-packages\sqlitecloud\driver.py", line 595, in _internal_socket_read
    return self._internal_parse_buffer(connection, buffer, len(buffer))
           ~~~~~~~~~~~~~~~~~~~~~~~~~~~^^^^^^^^^^^^^^^^^^^^^^^^^^^^^^^^^
  File "C:\Users\Tecnologia e infra\AppData\Local\Python\pythoncore-3.14-64\Lib\site-packages\sqlitecloud\driver.py", line 736, in _internal_parse_buffer
    raise get_sqlitecloud_error_with_extended_code(
        errmsg.decode(), errcode, xerrcode
    )(errmsg.decode(), errcode, xerrcode)
sqlitecloud.exceptions.SQLiteCloudError: Your free node has been paused due to inactivity. To resume usage, please restart your node from your dashboard: https://dashboard.sqlitecloud.io
2026-07-26 12:13:46 | INFO | init_db | init_db OK | modo=local | cloud=URL encontrada mas conexão falhou (veja log)
2026-07-26 12:13:47 | ERROR | log_error | Falha ao conectar no SQLite Cloud | url=sqlitecloud://cvvuzgkevz.g4.sqlite.cloud:8860/banco_chamados... | Your free node has been paused due to inactivity. To resume usage, please restart your node from your dashboard: https://dashboard.sqlitecloud.io
Traceback (most recent call last):
  File "C:\Users\Tecnologia e infra\Documents\app versao publica\app.py", line 148, in get_cloud_connection
    conn = sqlitecloud.connect(cloud_url)
  File "C:\Users\Tecnologia e infra\AppData\Local\Python\pythoncore-3.14-64\Lib\site-packages\sqlitecloud\dbapi2.py", line 180, in connect
    driver.connect(config.account.hostname, config.account.port, config),
    ~~~~~~~~~~~~~~^^^^^^^^^^^^^^^^^^^^^^^^^^^^^^^^^^^^^^^^^^^^^^^^^^^^^^
  File "C:\Users\Tecnologia e infra\AppData\Local\Python\pythoncore-3.14-64\Lib\site-packages\sqlitecloud\driver.py", line 64, in connect
    self._internal_config_apply(connection, config)
    ~~~~~~~~~~~~~~~~~~~~~~~~~~~^^^^^^^^^^^^^^^^^^^^
  File "C:\Users\Tecnologia e infra\AppData\Local\Python\pythoncore-3.14-64\Lib\site-packages\sqlitecloud\driver.py", line 469, in _internal_config_apply
    self._internal_run_command(
    ~~~~~~~~~~~~~~~~~~~~~~~~~~^
        connection, self._internal_serialize_command(command)
        ^^^^^^^^^^^^^^^^^^^^^^^^^^^^^^^^^^^^^^^^^^^^^^^^^^^^^
    )
    ^
  File "C:\Users\Tecnologia e infra\AppData\Local\Python\pythoncore-3.14-64\Lib\site-packages\sqlitecloud\driver.py", line 487, in _internal_run_command
    return self._internal_socket_read(connection, main_socket)
           ~~~~~~~~~~~~~~~~~~~~~~~~~~^^^^^^^^^^^^^^^^^^^^^^^^^
  File "C:\Users\Tecnologia e infra\AppData\Local\Python\pythoncore-3.14-64\Lib\site-packages\sqlitecloud\driver.py", line 595, in _internal_socket_read
    return self._internal_parse_buffer(connection, buffer, len(buffer))
           ~~~~~~~~~~~~~~~~~~~~~~~~~~~^^^^^^^^^^^^^^^^^^^^^^^^^^^^^^^^^
  File "C:\Users\Tecnologia e infra\AppData\Local\Python\pythoncore-3.14-64\Lib\site-packages\sqlitecloud\driver.py", line 736, in _internal_parse_buffer
    raise get_sqlitecloud_error_with_extended_code(
        errmsg.decode(), errcode, xerrcode
    )(errmsg.decode(), errcode, xerrcode)
sqlitecloud.exceptions.SQLiteCloudError: Your free node has been paused due to inactivity. To resume usage, please restart your node from your dashboard: https://dashboard.sqlitecloud.io
2026-07-26 12:13:47 | ERROR | log_error | Falha ao conectar no SQLite Cloud | url=sqlitecloud://cvvuzgkevz.g4.sqlite.cloud:8860/banco_chamados... | Your free node has been paused due to inactivity. To resume usage, please restart your node from your dashboard: https://dashboard.sqlitecloud.io
Traceback (most recent call last):
  File "C:\Users\Tecnologia e infra\Documents\app versao publica\app.py", line 148, in get_cloud_connection
    conn = sqlitecloud.connect(cloud_url)
  File "C:\Users\Tecnologia e infra\AppData\Local\Python\pythoncore-3.14-64\Lib\site-packages\sqlitecloud\dbapi2.py", line 180, in connect
    driver.connect(config.account.hostname, config.account.port, config),
    ~~~~~~~~~~~~~~^^^^^^^^^^^^^^^^^^^^^^^^^^^^^^^^^^^^^^^^^^^^^^^^^^^^^^
  File "C:\Users\Tecnologia e infra\AppData\Local\Python\pythoncore-3.14-64\Lib\site-packages\sqlitecloud\driver.py", line 64, in connect
    self._internal_config_apply(connection, config)
    ~~~~~~~~~~~~~~~~~~~~~~~~~~~^^^^^^^^^^^^^^^^^^^^
  File "C:\Users\Tecnologia e infra\AppData\Local\Python\pythoncore-3.14-64\Lib\site-packages\sqlitecloud\driver.py", line 469, in _internal_config_apply
    self._internal_run_command(
    ~~~~~~~~~~~~~~~~~~~~~~~~~~^
        connection, self._internal_serialize_command(command)
        ^^^^^^^^^^^^^^^^^^^^^^^^^^^^^^^^^^^^^^^^^^^^^^^^^^^^^
    )
    ^
  File "C:\Users\Tecnologia e infra\AppData\Local\Python\pythoncore-3.14-64\Lib\site-packages\sqlitecloud\driver.py", line 487, in _internal_run_command
    return self._internal_socket_read(connection, main_socket)
           ~~~~~~~~~~~~~~~~~~~~~~~~~~^^^^^^^^^^^^^^^^^^^^^^^^^
  File "C:\Users\Tecnologia e infra\AppData\Local\Python\pythoncore-3.14-64\Lib\site-packages\sqlitecloud\driver.py", line 595, in _internal_socket_read
    return self._internal_parse_buffer(connection, buffer, len(buffer))
           ~~~~~~~~~~~~~~~~~~~~~~~~~~~^^^^^^^^^^^^^^^^^^^^^^^^^^^^^^^^^
  File "C:\Users\Tecnologia e infra\AppData\Local\Python\pythoncore-3.14-64\Lib\site-packages\sqlitecloud\driver.py", line 736, in _internal_parse_buffer
    raise get_sqlitecloud_error_with_extended_code(
        errmsg.decode(), errcode, xerrcode
    )(errmsg.decode(), errcode, xerrcode)
sqlitecloud.exceptions.SQLiteCloudError: Your free node has been paused due to inactivity. To resume usage, please restart your node from your dashboard: https://dashboard.sqlitecloud.io
2026-07-26 12:13:48 | ERROR | log_error | Falha ao conectar no SQLite Cloud | url=sqlitecloud://cvvuzgkevz.g4.sqlite.cloud:8860/banco_chamados... | Your free node has been paused due to inactivity. To resume usage, please restart your node from your dashboard: https://dashboard.sqlitecloud.io
Traceback (most recent call last):
  File "C:\Users\Tecnologia e infra\Documents\app versao publica\app.py", line 148, in get_cloud_connection
    conn = sqlitecloud.connect(cloud_url)
  File "C:\Users\Tecnologia e infra\AppData\Local\Python\pythoncore-3.14-64\Lib\site-packages\sqlitecloud\dbapi2.py", line 180, in connect
    driver.connect(config.account.hostname, config.account.port, config),
    ~~~~~~~~~~~~~~^^^^^^^^^^^^^^^^^^^^^^^^^^^^^^^^^^^^^^^^^^^^^^^^^^^^^^
  File "C:\Users\Tecnologia e infra\AppData\Local\Python\pythoncore-3.14-64\Lib\site-packages\sqlitecloud\driver.py", line 64, in connect
    self._internal_config_apply(connection, config)
    ~~~~~~~~~~~~~~~~~~~~~~~~~~~^^^^^^^^^^^^^^^^^^^^
  File "C:\Users\Tecnologia e infra\AppData\Local\Python\pythoncore-3.14-64\Lib\site-packages\sqlitecloud\driver.py", line 469, in _internal_config_apply
    self._internal_run_command(
    ~~~~~~~~~~~~~~~~~~~~~~~~~~^
        connection, self._internal_serialize_command(command)
        ^^^^^^^^^^^^^^^^^^^^^^^^^^^^^^^^^^^^^^^^^^^^^^^^^^^^^
    )
    ^
  File "C:\Users\Tecnologia e infra\AppData\Local\Python\pythoncore-3.14-64\Lib\site-packages\sqlitecloud\driver.py", line 487, in _internal_run_command
    return self._internal_socket_read(connection, main_socket)
           ~~~~~~~~~~~~~~~~~~~~~~~~~~^^^^^^^^^^^^^^^^^^^^^^^^^
  File "C:\Users\Tecnologia e infra\AppData\Local\Python\pythoncore-3.14-64\Lib\site-packages\sqlitecloud\driver.py", line 595, in _internal_socket_read
    return self._internal_parse_buffer(connection, buffer, len(buffer))
           ~~~~~~~~~~~~~~~~~~~~~~~~~~~^^^^^^^^^^^^^^^^^^^^^^^^^^^^^^^^^
  File "C:\Users\Tecnologia e infra\AppData\Local\Python\pythoncore-3.14-64\Lib\site-packages\sqlitecloud\driver.py", line 736, in _internal_parse_buffer
    raise get_sqlitecloud_error_with_extended_code(
        errmsg.decode(), errcode, xerrcode
    )(errmsg.decode(), errcode, xerrcode)
sqlitecloud.exceptions.SQLiteCloudError: Your free node has been paused due to inactivity. To resume usage, please restart your node from your dashboard: https://dashboard.sqlitecloud.io
2026-07-26 12:13:48 | ERROR | log_error | Falha ao conectar no SQLite Cloud | url=sqlitecloud://cvvuzgkevz.g4.sqlite.cloud:8860/banco_chamados... | Your free node has been paused due to inactivity. To resume usage, please restart your node from your dashboard: https://dashboard.sqlitecloud.io
Traceback (most recent call last):
  File "C:\Users\Tecnologia e infra\Documents\app versao publica\app.py", line 148, in get_cloud_connection
    conn = sqlitecloud.connect(cloud_url)
  File "C:\Users\Tecnologia e infra\AppData\Local\Python\pythoncore-3.14-64\Lib\site-packages\sqlitecloud\dbapi2.py", line 180, in connect
    driver.connect(config.account.hostname, config.account.port, config),
    ~~~~~~~~~~~~~~^^^^^^^^^^^^^^^^^^^^^^^^^^^^^^^^^^^^^^^^^^^^^^^^^^^^^^
  File "C:\Users\Tecnologia e infra\AppData\Local\Python\pythoncore-3.14-64\Lib\site-packages\sqlitecloud\driver.py", line 64, in connect
    self._internal_config_apply(connection, config)
    ~~~~~~~~~~~~~~~~~~~~~~~~~~~^^^^^^^^^^^^^^^^^^^^
  File "C:\Users\Tecnologia e infra\AppData\Local\Python\pythoncore-3.14-64\Lib\site-packages\sqlitecloud\driver.py", line 469, in _internal_config_apply
    self._internal_run_command(
    ~~~~~~~~~~~~~~~~~~~~~~~~~~^
        connection, self._internal_serialize_command(command)
        ^^^^^^^^^^^^^^^^^^^^^^^^^^^^^^^^^^^^^^^^^^^^^^^^^^^^^
    )
    ^
  File "C:\Users\Tecnologia e infra\AppData\Local\Python\pythoncore-3.14-64\Lib\site-packages\sqlitecloud\driver.py", line 487, in _internal_run_command
    return self._internal_socket_read(connection, main_socket)
           ~~~~~~~~~~~~~~~~~~~~~~~~~~^^^^^^^^^^^^^^^^^^^^^^^^^
  File "C:\Users\Tecnologia e infra\AppData\Local\Python\pythoncore-3.14-64\Lib\site-packages\sqlitecloud\driver.py", line 595, in _internal_socket_read
    return self._internal_parse_buffer(connection, buffer, len(buffer))
           ~~~~~~~~~~~~~~~~~~~~~~~~~~~^^^^^^^^^^^^^^^^^^^^^^^^^^^^^^^^^
  File "C:\Users\Tecnologia e infra\AppData\Local\Python\pythoncore-3.14-64\Lib\site-packages\sqlitecloud\driver.py", line 736, in _internal_parse_buffer
    raise get_sqlitecloud_error_with_extended_code(
        errmsg.decode(), errcode, xerrcode
    )(errmsg.decode(), errcode, xerrcode)
sqlitecloud.exceptions.SQLiteCloudError: Your free node has been paused due to inactivity. To resume usage, please restart your node from your dashboard: https://dashboard.sqlitecloud.io
2026-07-26 12:13:49 | ERROR | log_error | Falha ao conectar no SQLite Cloud | url=sqlitecloud://cvvuzgkevz.g4.sqlite.cloud:8860/banco_chamados... | Your free node has been paused due to inactivity. To resume usage, please restart your node from your dashboard: https://dashboard.sqlitecloud.io
Traceback (most recent call last):
  File "C:\Users\Tecnologia e infra\Documents\app versao publica\app.py", line 148, in get_cloud_connection
    conn = sqlitecloud.connect(cloud_url)
  File "C:\Users\Tecnologia e infra\AppData\Local\Python\pythoncore-3.14-64\Lib\site-packages\sqlitecloud\dbapi2.py", line 180, in connect
    driver.connect(config.account.hostname, config.account.port, config),
    ~~~~~~~~~~~~~~^^^^^^^^^^^^^^^^^^^^^^^^^^^^^^^^^^^^^^^^^^^^^^^^^^^^^^
  File "C:\Users\Tecnologia e infra\AppData\Local\Python\pythoncore-3.14-64\Lib\site-packages\sqlitecloud\driver.py", line 64, in connect
    self._internal_config_apply(connection, config)
    ~~~~~~~~~~~~~~~~~~~~~~~~~~~^^^^^^^^^^^^^^^^^^^^
  File "C:\Users\Tecnologia e infra\AppData\Local\Python\pythoncore-3.14-64\Lib\site-packages\sqlitecloud\driver.py", line 469, in _internal_config_apply
    self._internal_run_command(
    ~~~~~~~~~~~~~~~~~~~~~~~~~~^
        connection, self._internal_serialize_command(command)
        ^^^^^^^^^^^^^^^^^^^^^^^^^^^^^^^^^^^^^^^^^^^^^^^^^^^^^
    )
    ^
  File "C:\Users\Tecnologia e infra\AppData\Local\Python\pythoncore-3.14-64\Lib\site-packages\sqlitecloud\driver.py", line 487, in _internal_run_command
    return self._internal_socket_read(connection, main_socket)
           ~~~~~~~~~~~~~~~~~~~~~~~~~~^^^^^^^^^^^^^^^^^^^^^^^^^
  File "C:\Users\Tecnologia e infra\AppData\Local\Python\pythoncore-3.14-64\Lib\site-packages\sqlitecloud\driver.py", line 595, in _internal_socket_read
    return self._internal_parse_buffer(connection, buffer, len(buffer))
           ~~~~~~~~~~~~~~~~~~~~~~~~~~~^^^^^^^^^^^^^^^^^^^^^^^^^^^^^^^^^
  File "C:\Users\Tecnologia e infra\AppData\Local\Python\pythoncore-3.14-64\Lib\site-packages\sqlitecloud\driver.py", line 736, in _internal_parse_buffer
    raise get_sqlitecloud_error_with_extended_code(
        errmsg.decode(), errcode, xerrcode
    )(errmsg.decode(), errcode, xerrcode)
sqlitecloud.exceptions.SQLiteCloudError: Your free node has been paused due to inactivity. To resume usage, please restart your node from your dashboard: https://dashboard.sqlitecloud.io
2026-07-26 12:13:57 | ERROR | log_error | Falha ao conectar no SQLite Cloud | url=sqlitecloud://cvvuzgkevz.g4.sqlite.cloud:8860/banco_chamados... | Your free node has been paused due to inactivity. To resume usage, please restart your node from your dashboard: https://dashboard.sqlitecloud.io
Traceback (most recent call last):
  File "C:\Users\Tecnologia e infra\Documents\app versao publica\app.py", line 148, in get_cloud_connection
    conn = sqlitecloud.connect(cloud_url)
  File "C:\Users\Tecnologia e infra\AppData\Local\Python\pythoncore-3.14-64\Lib\site-packages\sqlitecloud\dbapi2.py", line 180, in connect
    driver.connect(config.account.hostname, config.account.port, config),
    ~~~~~~~~~~~~~~^^^^^^^^^^^^^^^^^^^^^^^^^^^^^^^^^^^^^^^^^^^^^^^^^^^^^^
  File "C:\Users\Tecnologia e infra\AppData\Local\Python\pythoncore-3.14-64\Lib\site-packages\sqlitecloud\driver.py", line 64, in connect
    self._internal_config_apply(connection, config)
    ~~~~~~~~~~~~~~~~~~~~~~~~~~~^^^^^^^^^^^^^^^^^^^^
  File "C:\Users\Tecnologia e infra\AppData\Local\Python\pythoncore-3.14-64\Lib\site-packages\sqlitecloud\driver.py", line 469, in _internal_config_apply
    self._internal_run_command(
    ~~~~~~~~~~~~~~~~~~~~~~~~~~^
        connection, self._internal_serialize_command(command)
        ^^^^^^^^^^^^^^^^^^^^^^^^^^^^^^^^^^^^^^^^^^^^^^^^^^^^^
    )
    ^
  File "C:\Users\Tecnologia e infra\AppData\Local\Python\pythoncore-3.14-64\Lib\site-packages\sqlitecloud\driver.py", line 487, in _internal_run_command
    return self._internal_socket_read(connection, main_socket)
           ~~~~~~~~~~~~~~~~~~~~~~~~~~^^^^^^^^^^^^^^^^^^^^^^^^^
  File "C:\Users\Tecnologia e infra\AppData\Local\Python\pythoncore-3.14-64\Lib\site-packages\sqlitecloud\driver.py", line 595, in _internal_socket_read
    return self._internal_parse_buffer(connection, buffer, len(buffer))
           ~~~~~~~~~~~~~~~~~~~~~~~~~~~^^^^^^^^^^^^^^^^^^^^^^^^^^^^^^^^^
  File "C:\Users\Tecnologia e infra\AppData\Local\Python\pythoncore-3.14-64\Lib\site-packages\sqlitecloud\driver.py", line 736, in _internal_parse_buffer
    raise get_sqlitecloud_error_with_extended_code(
        errmsg.decode(), errcode, xerrcode
    )(errmsg.decode(), errcode, xerrcode)
sqlitecloud.exceptions.SQLiteCloudError: Your free node has been paused due to inactivity. To resume usage, please restart your node from your dashboard: https://dashboard.sqlitecloud.io
2026-07-26 12:13:57 | INFO | init_db | init_db OK | modo=local | cloud=URL encontrada mas conexão falhou (veja log)
2026-07-26 12:13:57 | ERROR | log_error | Falha ao conectar no SQLite Cloud | url=sqlitecloud://cvvuzgkevz.g4.sqlite.cloud:8860/banco_chamados... | Your free node has been paused due to inactivity. To resume usage, please restart your node from your dashboard: https://dashboard.sqlitecloud.io
Traceback (most recent call last):
  File "C:\Users\Tecnologia e infra\Documents\app versao publica\app.py", line 148, in get_cloud_connection
    conn = sqlitecloud.connect(cloud_url)
  File "C:\Users\Tecnologia e infra\AppData\Local\Python\pythoncore-3.14-64\Lib\site-packages\sqlitecloud\dbapi2.py", line 180, in connect
    driver.connect(config.account.hostname, config.account.port, config),
    ~~~~~~~~~~~~~~^^^^^^^^^^^^^^^^^^^^^^^^^^^^^^^^^^^^^^^^^^^^^^^^^^^^^^
  File "C:\Users\Tecnologia e infra\AppData\Local\Python\pythoncore-3.14-64\Lib\site-packages\sqlitecloud\driver.py", line 64, in connect
    self._internal_config_apply(connection, config)
    ~~~~~~~~~~~~~~~~~~~~~~~~~~~^^^^^^^^^^^^^^^^^^^^
  File "C:\Users\Tecnologia e infra\AppData\Local\Python\pythoncore-3.14-64\Lib\site-packages\sqlitecloud\driver.py", line 469, in _internal_config_apply
    self._internal_run_command(
    ~~~~~~~~~~~~~~~~~~~~~~~~~~^
        connection, self._internal_serialize_command(command)
        ^^^^^^^^^^^^^^^^^^^^^^^^^^^^^^^^^^^^^^^^^^^^^^^^^^^^^
    )
    ^
  File "C:\Users\Tecnologia e infra\AppData\Local\Python\pythoncore-3.14-64\Lib\site-packages\sqlitecloud\driver.py", line 487, in _internal_run_command
    return self._internal_socket_read(connection, main_socket)
           ~~~~~~~~~~~~~~~~~~~~~~~~~~^^^^^^^^^^^^^^^^^^^^^^^^^
  File "C:\Users\Tecnologia e infra\AppData\Local\Python\pythoncore-3.14-64\Lib\site-packages\sqlitecloud\driver.py", line 595, in _internal_socket_read
    return self._internal_parse_buffer(connection, buffer, len(buffer))
           ~~~~~~~~~~~~~~~~~~~~~~~~~~~^^^^^^^^^^^^^^^^^^^^^^^^^^^^^^^^^
  File "C:\Users\Tecnologia e infra\AppData\Local\Python\pythoncore-3.14-64\Lib\site-packages\sqlitecloud\driver.py", line 736, in _internal_parse_buffer
    raise get_sqlitecloud_error_with_extended_code(
        errmsg.decode(), errcode, xerrcode
    )(errmsg.decode(), errcode, xerrcode)
sqlitecloud.exceptions.SQLiteCloudError: Your free node has been paused due to inactivity. To resume usage, please restart your node from your dashboard: https://dashboard.sqlitecloud.io
2026-07-26 12:13:58 | ERROR | log_error | Falha ao conectar no SQLite Cloud | url=sqlitecloud://cvvuzgkevz.g4.sqlite.cloud:8860/banco_chamados... | Your free node has been paused due to inactivity. To resume usage, please restart your node from your dashboard: https://dashboard.sqlitecloud.io
Traceback (most recent call last):
  File "C:\Users\Tecnologia e infra\Documents\app versao publica\app.py", line 148, in get_cloud_connection
    conn = sqlitecloud.connect(cloud_url)
  File "C:\Users\Tecnologia e infra\AppData\Local\Python\pythoncore-3.14-64\Lib\site-packages\sqlitecloud\dbapi2.py", line 180, in connect
    driver.connect(config.account.hostname, config.account.port, config),
    ~~~~~~~~~~~~~~^^^^^^^^^^^^^^^^^^^^^^^^^^^^^^^^^^^^^^^^^^^^^^^^^^^^^^
  File "C:\Users\Tecnologia e infra\AppData\Local\Python\pythoncore-3.14-64\Lib\site-packages\sqlitecloud\driver.py", line 64, in connect
    self._internal_config_apply(connection, config)
    ~~~~~~~~~~~~~~~~~~~~~~~~~~~^^^^^^^^^^^^^^^^^^^^
  File "C:\Users\Tecnologia e infra\AppData\Local\Python\pythoncore-3.14-64\Lib\site-packages\sqlitecloud\driver.py", line 469, in _internal_config_apply
    self._internal_run_command(
    ~~~~~~~~~~~~~~~~~~~~~~~~~~^
        connection, self._internal_serialize_command(command)
        ^^^^^^^^^^^^^^^^^^^^^^^^^^^^^^^^^^^^^^^^^^^^^^^^^^^^^
    )
    ^
  File "C:\Users\Tecnologia e infra\AppData\Local\Python\pythoncore-3.14-64\Lib\site-packages\sqlitecloud\driver.py", line 487, in _internal_run_command
    return self._internal_socket_read(connection, main_socket)
           ~~~~~~~~~~~~~~~~~~~~~~~~~~^^^^^^^^^^^^^^^^^^^^^^^^^
  File "C:\Users\Tecnologia e infra\AppData\Local\Python\pythoncore-3.14-64\Lib\site-packages\sqlitecloud\driver.py", line 595, in _internal_socket_read
    return self._internal_parse_buffer(connection, buffer, len(buffer))
           ~~~~~~~~~~~~~~~~~~~~~~~~~~~^^^^^^^^^^^^^^^^^^^^^^^^^^^^^^^^^
  File "C:\Users\Tecnologia e infra\AppData\Local\Python\pythoncore-3.14-64\Lib\site-packages\sqlitecloud\driver.py", line 736, in _internal_parse_buffer
    raise get_sqlitecloud_error_with_extended_code(
        errmsg.decode(), errcode, xerrcode
    )(errmsg.decode(), errcode, xerrcode)
sqlitecloud.exceptions.SQLiteCloudError: Your free node has been paused due to inactivity. To resume usage, please restart your node from your dashboard: https://dashboard.sqlitecloud.io
2026-07-26 12:13:58 | ERROR | log_error | Falha ao conectar no SQLite Cloud | url=sqlitecloud://cvvuzgkevz.g4.sqlite.cloud:8860/banco_chamados... | Your free node has been paused due to inactivity. To resume usage, please restart your node from your dashboard: https://dashboard.sqlitecloud.io
Traceback (most recent call last):
  File "C:\Users\Tecnologia e infra\Documents\app versao publica\app.py", line 148, in get_cloud_connection
    conn = sqlitecloud.connect(cloud_url)
  File "C:\Users\Tecnologia e infra\AppData\Local\Python\pythoncore-3.14-64\Lib\site-packages\sqlitecloud\dbapi2.py", line 180, in connect
    driver.connect(config.account.hostname, config.account.port, config),
    ~~~~~~~~~~~~~~^^^^^^^^^^^^^^^^^^^^^^^^^^^^^^^^^^^^^^^^^^^^^^^^^^^^^^
  File "C:\Users\Tecnologia e infra\AppData\Local\Python\pythoncore-3.14-64\Lib\site-packages\sqlitecloud\driver.py", line 64, in connect
    self._internal_config_apply(connection, config)
    ~~~~~~~~~~~~~~~~~~~~~~~~~~~^^^^^^^^^^^^^^^^^^^^
  File "C:\Users\Tecnologia e infra\AppData\Local\Python\pythoncore-3.14-64\Lib\site-packages\sqlitecloud\driver.py", line 469, in _internal_config_apply
    self._internal_run_command(
    ~~~~~~~~~~~~~~~~~~~~~~~~~~^
        connection, self._internal_serialize_command(command)
        ^^^^^^^^^^^^^^^^^^^^^^^^^^^^^^^^^^^^^^^^^^^^^^^^^^^^^
    )
    ^
  File "C:\Users\Tecnologia e infra\AppData\Local\Python\pythoncore-3.14-64\Lib\site-packages\sqlitecloud\driver.py", line 487, in _internal_run_command
    return self._internal_socket_read(connection, main_socket)
           ~~~~~~~~~~~~~~~~~~~~~~~~~~^^^^^^^^^^^^^^^^^^^^^^^^^
  File "C:\Users\Tecnologia e infra\AppData\Local\Python\pythoncore-3.14-64\Lib\site-packages\sqlitecloud\driver.py", line 595, in _internal_socket_read
    return self._internal_parse_buffer(connection, buffer, len(buffer))
           ~~~~~~~~~~~~~~~~~~~~~~~~~~~^^^^^^^^^^^^^^^^^^^^^^^^^^^^^^^^^
  File "C:\Users\Tecnologia e infra\AppData\Local\Python\pythoncore-3.14-64\Lib\site-packages\sqlitecloud\driver.py", line 736, in _internal_parse_buffer
    raise get_sqlitecloud_error_with_extended_code(
        errmsg.decode(), errcode, xerrcode
    )(errmsg.decode(), errcode, xerrcode)
sqlitecloud.exceptions.SQLiteCloudError: Your free node has been paused due to inactivity. To resume usage, please restart your node from your dashboard: https://dashboard.sqlitecloud.io
2026-07-26 12:13:59 | ERROR | log_error | Falha ao conectar no SQLite Cloud | url=sqlitecloud://cvvuzgkevz.g4.sqlite.cloud:8860/banco_chamados... | Your free node has been paused due to inactivity. To resume usage, please restart your node from your dashboard: https://dashboard.sqlitecloud.io
Traceback (most recent call last):
  File "C:\Users\Tecnologia e infra\Documents\app versao publica\app.py", line 148, in get_cloud_connection
    conn = sqlitecloud.connect(cloud_url)
  File "C:\Users\Tecnologia e infra\AppData\Local\Python\pythoncore-3.14-64\Lib\site-packages\sqlitecloud\dbapi2.py", line 180, in connect
    driver.connect(config.account.hostname, config.account.port, config),
    ~~~~~~~~~~~~~~^^^^^^^^^^^^^^^^^^^^^^^^^^^^^^^^^^^^^^^^^^^^^^^^^^^^^^
  File "C:\Users\Tecnologia e infra\AppData\Local\Python\pythoncore-3.14-64\Lib\site-packages\sqlitecloud\driver.py", line 64, in connect
    self._internal_config_apply(connection, config)
    ~~~~~~~~~~~~~~~~~~~~~~~~~~~^^^^^^^^^^^^^^^^^^^^
  File "C:\Users\Tecnologia e infra\AppData\Local\Python\pythoncore-3.14-64\Lib\site-packages\sqlitecloud\driver.py", line 469, in _internal_config_apply
    self._internal_run_command(
    ~~~~~~~~~~~~~~~~~~~~~~~~~~^
        connection, self._internal_serialize_command(command)
        ^^^^^^^^^^^^^^^^^^^^^^^^^^^^^^^^^^^^^^^^^^^^^^^^^^^^^
    )
    ^
  File "C:\Users\Tecnologia e infra\AppData\Local\Python\pythoncore-3.14-64\Lib\site-packages\sqlitecloud\driver.py", line 487, in _internal_run_command
    return self._internal_socket_read(connection, main_socket)
           ~~~~~~~~~~~~~~~~~~~~~~~~~~^^^^^^^^^^^^^^^^^^^^^^^^^
  File "C:\Users\Tecnologia e infra\AppData\Local\Python\pythoncore-3.14-64\Lib\site-packages\sqlitecloud\driver.py", line 595, in _internal_socket_read
    return self._internal_parse_buffer(connection, buffer, len(buffer))
           ~~~~~~~~~~~~~~~~~~~~~~~~~~~^^^^^^^^^^^^^^^^^^^^^^^^^^^^^^^^^
  File "C:\Users\Tecnologia e infra\AppData\Local\Python\pythoncore-3.14-64\Lib\site-packages\sqlitecloud\driver.py", line 736, in _internal_parse_buffer
    raise get_sqlitecloud_error_with_extended_code(
        errmsg.decode(), errcode, xerrcode
    )(errmsg.decode(), errcode, xerrcode)
sqlitecloud.exceptions.SQLiteCloudError: Your free node has been paused due to inactivity. To resume usage, please restart your node from your dashboard: https://dashboard.sqlitecloud.io
2026-07-26 12:13:59 | ERROR | log_error | Falha ao conectar no SQLite Cloud | url=sqlitecloud://cvvuzgkevz.g4.sqlite.cloud:8860/banco_chamados... | Your free node has been paused due to inactivity. To resume usage, please restart your node from your dashboard: https://dashboard.sqlitecloud.io
Traceback (most recent call last):
  File "C:\Users\Tecnologia e infra\Documents\app versao publica\app.py", line 148, in get_cloud_connection
    conn = sqlitecloud.connect(cloud_url)
  File "C:\Users\Tecnologia e infra\AppData\Local\Python\pythoncore-3.14-64\Lib\site-packages\sqlitecloud\dbapi2.py", line 180, in connect
    driver.connect(config.account.hostname, config.account.port, config),
    ~~~~~~~~~~~~~~^^^^^^^^^^^^^^^^^^^^^^^^^^^^^^^^^^^^^^^^^^^^^^^^^^^^^^
  File "C:\Users\Tecnologia e infra\AppData\Local\Python\pythoncore-3.14-64\Lib\site-packages\sqlitecloud\driver.py", line 64, in connect
    self._internal_config_apply(connection, config)
    ~~~~~~~~~~~~~~~~~~~~~~~~~~~^^^^^^^^^^^^^^^^^^^^
  File "C:\Users\Tecnologia e infra\AppData\Local\Python\pythoncore-3.14-64\Lib\site-packages\sqlitecloud\driver.py", line 469, in _internal_config_apply
    self._internal_run_command(
    ~~~~~~~~~~~~~~~~~~~~~~~~~~^
        connection, self._internal_serialize_command(command)
        ^^^^^^^^^^^^^^^^^^^^^^^^^^^^^^^^^^^^^^^^^^^^^^^^^^^^^
    )
    ^
  File "C:\Users\Tecnologia e infra\AppData\Local\Python\pythoncore-3.14-64\Lib\site-packages\sqlitecloud\driver.py", line 487, in _internal_run_command
    return self._internal_socket_read(connection, main_socket)
           ~~~~~~~~~~~~~~~~~~~~~~~~~~^^^^^^^^^^^^^^^^^^^^^^^^^
  File "C:\Users\Tecnologia e infra\AppData\Local\Python\pythoncore-3.14-64\Lib\site-packages\sqlitecloud\driver.py", line 595, in _internal_socket_read
    return self._internal_parse_buffer(connection, buffer, len(buffer))
           ~~~~~~~~~~~~~~~~~~~~~~~~~~~^^^^^^^^^^^^^^^^^^^^^^^^^^^^^^^^^
  File "C:\Users\Tecnologia e infra\AppData\Local\Python\pythoncore-3.14-64\Lib\site-packages\sqlitecloud\driver.py", line 736, in _internal_parse_buffer
    raise get_sqlitecloud_error_with_extended_code(
        errmsg.decode(), errcode, xerrcode
    )(errmsg.decode(), errcode, xerrcode)
sqlitecloud.exceptions.SQLiteCloudError: Your free node has been paused due to inactivity. To resume usage, please restart your node from your dashboard: https://dashboard.sqlitecloud.io
2026-07-26 12:16:00 | INFO | init_db | init_db OK | modo=local+cloud | cloud=conectado OK
2026-07-26 12:16:02 | ERROR | log_error | sync_local_to_cloud falhou | table "chamados" already exists
Traceback (most recent call last):
  File "C:\Users\Tecnologia e infra\Documents\app versao publica\app.py", line 266, in sync_local_to_cloud
    df.to_sql(tabela, cloud, if_exists="append", index=False)
    ~~~~~~~~~^^^^^^^^^^^^^^^^^^^^^^^^^^^^^^^^^^^^^^^^^^^^^^^^
  File "C:\Users\Tecnologia e infra\AppData\Local\Python\pythoncore-3.14-64\Lib\site-packages\pandas\core\generic.py", line 3052, in to_sql
    return sql.to_sql(
           ~~~~~~~~~~^
        self,
        ^^^^^
    ...<8 lines>...
        method=method,
        ^^^^^^^^^^^^^^
    )
    ^
  File "C:\Users\Tecnologia e infra\AppData\Local\Python\pythoncore-3.14-64\Lib\site-packages\pandas\io\sql.py", line 841, in to_sql
    return pandas_sql.to_sql(
           ~~~~~~~~~~~~~~~~~^
        frame,
        ^^^^^^
    ...<9 lines>...
        **engine_kwargs,
        ^^^^^^^^^^^^^^^^
    )
    ^
  File "C:\Users\Tecnologia e infra\AppData\Local\Python\pythoncore-3.14-64\Lib\site-packages\pandas\io\sql.py", line 2879, in to_sql
    table.create()
    ~~~~~~~~~~~~^^
  File "C:\Users\Tecnologia e infra\AppData\Local\Python\pythoncore-3.14-64\Lib\site-packages\pandas\io\sql.py", line 999, in create
    self._execute_create()
    ~~~~~~~~~~~~~~~~~~~~^^
  File "C:\Users\Tecnologia e infra\AppData\Local\Python\pythoncore-3.14-64\Lib\site-packages\pandas\io\sql.py", line 2545, in _execute_create
    cur.execute(stmt)
    ~~~~~~~~~~~^^^^^^
  File "C:\Users\Tecnologia e infra\AppData\Local\Python\pythoncore-3.14-64\Lib\site-packages\sqlitecloud\dbapi2.py", line 583, in execute
    result = self._driver.execute_statement(
        sql, parameters, self.connection.sqlitecloud_connection
    )
  File "C:\Users\Tecnologia e infra\AppData\Local\Python\pythoncore-3.14-64\Lib\site-packages\sqlitecloud\driver.py", line 109, in execute_statement
    result = self._internal_run_command(connection, command)
  File "C:\Users\Tecnologia e infra\AppData\Local\Python\pythoncore-3.14-64\Lib\site-packages\sqlitecloud\driver.py", line 487, in _internal_run_command
    return self._internal_socket_read(connection, main_socket)
           ~~~~~~~~~~~~~~~~~~~~~~~~~~^^^^^^^^^^^^^^^^^^^^^^^^^
  File "C:\Users\Tecnologia e infra\AppData\Local\Python\pythoncore-3.14-64\Lib\site-packages\sqlitecloud\driver.py", line 595, in _internal_socket_read
    return self._internal_parse_buffer(connection, buffer, len(buffer))
           ~~~~~~~~~~~~~~~~~~~~~~~~~~~^^^^^^^^^^^^^^^^^^^^^^^^^^^^^^^^^
  File "C:\Users\Tecnologia e infra\AppData\Local\Python\pythoncore-3.14-64\Lib\site-packages\sqlitecloud\driver.py", line 736, in _internal_parse_buffer
    raise get_sqlitecloud_error_with_extended_code(
        errmsg.decode(), errcode, xerrcode
    )(errmsg.decode(), errcode, xerrcode)
sqlitecloud.exceptions.SQLiteCloudOperationalError: table "chamados" already exists
2026-07-26 12:16:05 | INFO | init_db | init_db OK | modo=local+cloud | cloud=conectado OK
2026-07-26 12:16:07 | ERROR | log_error | sync_local_to_cloud falhou | table "chamados" already exists
Traceback (most recent call last):
  File "C:\Users\Tecnologia e infra\Documents\app versao publica\app.py", line 266, in sync_local_to_cloud
    df.to_sql(tabela, cloud, if_exists="append", index=False)
    ~~~~~~~~~^^^^^^^^^^^^^^^^^^^^^^^^^^^^^^^^^^^^^^^^^^^^^^^^
  File "C:\Users\Tecnologia e infra\AppData\Local\Python\pythoncore-3.14-64\Lib\site-packages\pandas\core\generic.py", line 3052, in to_sql
    return sql.to_sql(
           ~~~~~~~~~~^
        self,
        ^^^^^
    ...<8 lines>...
        method=method,
        ^^^^^^^^^^^^^^
    )
    ^
  File "C:\Users\Tecnologia e infra\AppData\Local\Python\pythoncore-3.14-64\Lib\site-packages\pandas\io\sql.py", line 841, in to_sql
    return pandas_sql.to_sql(
           ~~~~~~~~~~~~~~~~~^
        frame,
        ^^^^^^
    ...<9 lines>...
        **engine_kwargs,
        ^^^^^^^^^^^^^^^^
    )
    ^
  File "C:\Users\Tecnologia e infra\AppData\Local\Python\pythoncore-3.14-64\Lib\site-packages\pandas\io\sql.py", line 2879, in to_sql
    table.create()
    ~~~~~~~~~~~~^^
  File "C:\Users\Tecnologia e infra\AppData\Local\Python\pythoncore-3.14-64\Lib\site-packages\pandas\io\sql.py", line 999, in create
    self._execute_create()
    ~~~~~~~~~~~~~~~~~~~~^^
  File "C:\Users\Tecnologia e infra\AppData\Local\Python\pythoncore-3.14-64\Lib\site-packages\pandas\io\sql.py", line 2545, in _execute_create
    cur.execute(stmt)
    ~~~~~~~~~~~^^^^^^
  File "C:\Users\Tecnologia e infra\AppData\Local\Python\pythoncore-3.14-64\Lib\site-packages\sqlitecloud\dbapi2.py", line 583, in execute
    result = self._driver.execute_statement(
        sql, parameters, self.connection.sqlitecloud_connection
    )
  File "C:\Users\Tecnologia e infra\AppData\Local\Python\pythoncore-3.14-64\Lib\site-packages\sqlitecloud\driver.py", line 109, in execute_statement
    result = self._internal_run_command(connection, command)
  File "C:\Users\Tecnologia e infra\AppData\Local\Python\pythoncore-3.14-64\Lib\site-packages\sqlitecloud\driver.py", line 487, in _internal_run_command
    return self._internal_socket_read(connection, main_socket)
           ~~~~~~~~~~~~~~~~~~~~~~~~~~^^^^^^^^^^^^^^^^^^^^^^^^^
  File "C:\Users\Tecnologia e infra\AppData\Local\Python\pythoncore-3.14-64\Lib\site-packages\sqlitecloud\driver.py", line 595, in _internal_socket_read
    return self._internal_parse_buffer(connection, buffer, len(buffer))
           ~~~~~~~~~~~~~~~~~~~~~~~~~~~^^^^^^^^^^^^^^^^^^^^^^^^^^^^^^^^^
  File "C:\Users\Tecnologia e infra\AppData\Local\Python\pythoncore-3.14-64\Lib\site-packages\sqlitecloud\driver.py", line 736, in _internal_parse_buffer
    raise get_sqlitecloud_error_with_extended_code(
        errmsg.decode(), errcode, xerrcode
    )(errmsg.decode(), errcode, xerrcode)
sqlitecloud.exceptions.SQLiteCloudOperationalError: table "chamados" already exists
2026-07-26 12:26:45 | INFO | init_db | init_db OK | modo=local+cloud | cloud=conectado OK
2026-07-26 12:26:57 | INFO | init_db | init_db OK | modo=local+cloud | cloud=conectado OK
2026-07-26 12:26:57 | ERROR | log_error | Tentativa de login admin falhou: LEandro
2026-07-26 12:27:12 | INFO | init_db | init_db OK | modo=local+cloud | cloud=conectado OK
2026-07-26 12:27:13 | INFO | init_db | init_db OK | modo=local+cloud | cloud=conectado OK
2026-07-26 12:27:20 | INFO | init_db | init_db OK | modo=local+cloud | cloud=conectado OK
2026-07-26 12:27:22 | ERROR | log_error | sync_local_to_cloud falhou | table "chamados" already exists
Traceback (most recent call last):
  File "C:\Users\Tecnologia e infra\Documents\app versao publica\app.py", line 266, in sync_local_to_cloud
    df.to_sql(tabela, cloud, if_exists="append", index=False)
    ~~~~~~~~~^^^^^^^^^^^^^^^^^^^^^^^^^^^^^^^^^^^^^^^^^^^^^^^^
  File "C:\Users\Tecnologia e infra\AppData\Local\Python\pythoncore-3.14-64\Lib\site-packages\pandas\core\generic.py", line 3052, in to_sql
    return sql.to_sql(
           ~~~~~~~~~~^
        self,
        ^^^^^
    ...<8 lines>...
        method=method,
        ^^^^^^^^^^^^^^
    )
    ^
  File "C:\Users\Tecnologia e infra\AppData\Local\Python\pythoncore-3.14-64\Lib\site-packages\pandas\io\sql.py", line 841, in to_sql
    return pandas_sql.to_sql(
           ~~~~~~~~~~~~~~~~~^
        frame,
        ^^^^^^
    ...<9 lines>...
        **engine_kwargs,
        ^^^^^^^^^^^^^^^^
    )
    ^
  File "C:\Users\Tecnologia e infra\AppData\Local\Python\pythoncore-3.14-64\Lib\site-packages\pandas\io\sql.py", line 2879, in to_sql
    table.create()
    ~~~~~~~~~~~~^^
  File "C:\Users\Tecnologia e infra\AppData\Local\Python\pythoncore-3.14-64\Lib\site-packages\pandas\io\sql.py", line 999, in create
    self._execute_create()
    ~~~~~~~~~~~~~~~~~~~~^^
  File "C:\Users\Tecnologia e infra\AppData\Local\Python\pythoncore-3.14-64\Lib\site-packages\pandas\io\sql.py", line 2545, in _execute_create
    cur.execute(stmt)
    ~~~~~~~~~~~^^^^^^
  File "C:\Users\Tecnologia e infra\AppData\Local\Python\pythoncore-3.14-64\Lib\site-packages\sqlitecloud\dbapi2.py", line 583, in execute
    result = self._driver.execute_statement(
        sql, parameters, self.connection.sqlitecloud_connection
    )
  File "C:\Users\Tecnologia e infra\AppData\Local\Python\pythoncore-3.14-64\Lib\site-packages\sqlitecloud\driver.py", line 109, in execute_statement
    result = self._internal_run_command(connection, command)
  File "C:\Users\Tecnologia e infra\AppData\Local\Python\pythoncore-3.14-64\Lib\site-packages\sqlitecloud\driver.py", line 487, in _internal_run_command
    return self._internal_socket_read(connection, main_socket)
           ~~~~~~~~~~~~~~~~~~~~~~~~~~^^^^^^^^^^^^^^^^^^^^^^^^^
  File "C:\Users\Tecnologia e infra\AppData\Local\Python\pythoncore-3.14-64\Lib\site-packages\sqlitecloud\driver.py", line 595, in _internal_socket_read
    return self._internal_parse_buffer(connection, buffer, len(buffer))
           ~~~~~~~~~~~~~~~~~~~~~~~~~~~^^^^^^^^^^^^^^^^^^^^^^^^^^^^^^^^^
  File "C:\Users\Tecnologia e infra\AppData\Local\Python\pythoncore-3.14-64\Lib\site-packages\sqlitecloud\driver.py", line 736, in _internal_parse_buffer
    raise get_sqlitecloud_error_with_extended_code(
        errmsg.decode(), errcode, xerrcode
    )(errmsg.decode(), errcode, xerrcode)
sqlitecloud.exceptions.SQLiteCloudOperationalError: table "chamados" already exists
2026-07-26 12:27:40 | INFO | init_db | init_db OK | modo=local+cloud | cloud=conectado OK
2026-07-26 12:27:44 | ERROR | log_error | sync_local_to_cloud falhou | table "chamados" already exists
Traceback (most recent call last):
  File "C:\Users\Tecnologia e infra\Documents\app versao publica\app.py", line 266, in sync_local_to_cloud
    df.to_sql(tabela, cloud, if_exists="append", index=False)
    ~~~~~~~~~^^^^^^^^^^^^^^^^^^^^^^^^^^^^^^^^^^^^^^^^^^^^^^^^
  File "C:\Users\Tecnologia e infra\AppData\Local\Python\pythoncore-3.14-64\Lib\site-packages\pandas\core\generic.py", line 3052, in to_sql
    return sql.to_sql(
           ~~~~~~~~~~^
        self,
        ^^^^^
    ...<8 lines>...
        method=method,
        ^^^^^^^^^^^^^^
    )
    ^
  File "C:\Users\Tecnologia e infra\AppData\Local\Python\pythoncore-3.14-64\Lib\site-packages\pandas\io\sql.py", line 841, in to_sql
    return pandas_sql.to_sql(
           ~~~~~~~~~~~~~~~~~^
        frame,
        ^^^^^^
    ...<9 lines>...
        **engine_kwargs,
        ^^^^^^^^^^^^^^^^
    )
    ^
  File "C:\Users\Tecnologia e infra\AppData\Local\Python\pythoncore-3.14-64\Lib\site-packages\pandas\io\sql.py", line 2879, in to_sql
    table.create()
    ~~~~~~~~~~~~^^
  File "C:\Users\Tecnologia e infra\AppData\Local\Python\pythoncore-3.14-64\Lib\site-packages\pandas\io\sql.py", line 999, in create
    self._execute_create()
    ~~~~~~~~~~~~~~~~~~~~^^
  File "C:\Users\Tecnologia e infra\AppData\Local\Python\pythoncore-3.14-64\Lib\site-packages\pandas\io\sql.py", line 2545, in _execute_create
    cur.execute(stmt)
    ~~~~~~~~~~~^^^^^^
  File "C:\Users\Tecnologia e infra\AppData\Local\Python\pythoncore-3.14-64\Lib\site-packages\sqlitecloud\dbapi2.py", line 583, in execute
    result = self._driver.execute_statement(
        sql, parameters, self.connection.sqlitecloud_connection
    )
  File "C:\Users\Tecnologia e infra\AppData\Local\Python\pythoncore-3.14-64\Lib\site-packages\sqlitecloud\driver.py", line 109, in execute_statement
    result = self._internal_run_command(connection, command)
  File "C:\Users\Tecnologia e infra\AppData\Local\Python\pythoncore-3.14-64\Lib\site-packages\sqlitecloud\driver.py", line 487, in _internal_run_command
    return self._internal_socket_read(connection, main_socket)
           ~~~~~~~~~~~~~~~~~~~~~~~~~~^^^^^^^^^^^^^^^^^^^^^^^^^
  File "C:\Users\Tecnologia e infra\AppData\Local\Python\pythoncore-3.14-64\Lib\site-packages\sqlitecloud\driver.py", line 595, in _internal_socket_read
    return self._internal_parse_buffer(connection, buffer, len(buffer))
           ~~~~~~~~~~~~~~~~~~~~~~~~~~~^^^^^^^^^^^^^^^^^^^^^^^^^^^^^^^^^
  File "C:\Users\Tecnologia e infra\AppData\Local\Python\pythoncore-3.14-64\Lib\site-packages\sqlitecloud\driver.py", line 736, in _internal_parse_buffer
    raise get_sqlitecloud_error_with_extended_code(
        errmsg.decode(), errcode, xerrcode
    )(errmsg.decode(), errcode, xerrcode)
sqlitecloud.exceptions.SQLiteCloudOperationalError: table "chamados" already exists
2026-07-26 12:33:08 | INFO | init_db | init_db OK | modo=local+cloud | cloud=conectado OK
2026-07-26 12:33:20 | INFO | init_db | init_db OK | modo=local+cloud | cloud=conectado OK
2026-07-26 12:33:25 | INFO | sync_local_to_cloud | Sincronização Local → Cloud OK | chamados: 17 registros | equipe: 4 registros | setores: 48 registros | equipamentos: 19 registros
2026-07-26 12:33:51 | INFO | init_db | init_db OK | modo=local+cloud | cloud=conectado OK
2026-07-26 12:34:16 | INFO | init_db | init_db OK | modo=local+cloud | cloud=conectado OK
2026-07-26 12:34:18 | INFO | salvar_chamado | salvar_chamado OK | id=18 status=Aberto | dual=True
2026-07-26 12:34:23 | INFO | init_db | init_db OK | modo=local+cloud | cloud=conectado OK
2026-07-26 12:34:28 | INFO | init_db | init_db OK | modo=local+cloud | cloud=conectado OK
2026-07-26 12:34:38 | INFO | init_db | init_db OK | modo=local+cloud | cloud=conectado OK
2026-07-26 12:34:39 | INFO | init_db | init_db OK | modo=local+cloud | cloud=conectado OK
2026-07-26 12:34:39 | INFO | init_db | init_db OK | modo=local+cloud | cloud=conectado OK
2026-07-26 12:34:43 | INFO | salvar_chamado | salvar_chamado OK | id=18 status=Em Atendimento | dual=True
2026-07-26 12:34:44 | INFO | init_db | init_db OK | modo=local+cloud | cloud=conectado OK
2026-07-26 12:34:49 | INFO | init_db | init_db OK | modo=local+cloud | cloud=conectado OK
2026-07-26 12:34:54 | INFO | init_db | init_db OK | modo=local+cloud | cloud=conectado OK
2026-07-26 12:34:59 | INFO | init_db | init_db OK | modo=local+cloud | cloud=conectado OK
2026-07-26 12:35:04 | INFO | init_db | init_db OK | modo=local+cloud | cloud=conectado OK
2026-07-26 12:35:04 | INFO | init_db | init_db OK | modo=local+cloud | cloud=conectado OK
2026-07-26 12:35:04 | INFO | init_db | init_db OK | modo=local+cloud | cloud=conectado OK
2026-07-26 12:35:08 | INFO | salvar_chamado | salvar_chamado OK | id=18 status=Concluído | dual=True
2026-07-26 12:35:09 | INFO | init_db | init_db OK | modo=local+cloud | cloud=conectado OK
2026-07-26 12:35:14 | INFO | init_db | init_db OK | modo=local+cloud | cloud=conectado OK
2026-07-26 12:35:19 | INFO | init_db | init_db OK | modo=local+cloud | cloud=conectado OK
2026-07-26 12:35:24 | INFO | init_db | init_db OK | modo=local+cloud | cloud=conectado OK
2026-07-26 12:35:30 | INFO | init_db | init_db OK | modo=local+cloud | cloud=conectado OK
2026-07-26 12:35:34 | INFO | init_db | init_db OK | modo=local+cloud | cloud=conectado OK
2026-07-26 12:35:39 | INFO | init_db | init_db OK | modo=local+cloud | cloud=conectado OK
2026-07-26 12:35:44 | INFO | init_db | init_db OK | modo=local+cloud | cloud=conectado OK
2026-07-26 12:35:49 | INFO | init_db | init_db OK | modo=local+cloud | cloud=conectado OK
2026-07-26 12:35:54 | INFO | init_db | init_db OK | modo=local+cloud | cloud=conectado OK
2026-07-26 12:35:59 | INFO | init_db | init_db OK | modo=local+cloud | cloud=conectado OK
2026-07-26 12:36:04 | INFO | init_db | init_db OK | modo=local+cloud | cloud=conectado OK
2026-07-26 12:36:09 | INFO | init_db | init_db OK | modo=local+cloud | cloud=conectado OK
2026-07-26 12:36:14 | INFO | init_db | init_db OK | modo=local+cloud | cloud=conectado OK
2026-07-26 12:36:19 | INFO | init_db | init_db OK | modo=local+cloud | cloud=conectado OK
2026-07-26 12:36:24 | INFO | init_db | init_db OK | modo=local+cloud | cloud=conectado OK
2026-07-26 12:36:29 | INFO | init_db | init_db OK | modo=local+cloud | cloud=conectado OK
2026-07-26 12:36:34 | INFO | init_db | init_db OK | modo=local+cloud | cloud=conectado OK
2026-07-26 12:36:39 | INFO | init_db | init_db OK | modo=local+cloud | cloud=conectado OK
2026-07-26 12:36:44 | INFO | init_db | init_db OK | modo=local+cloud | cloud=conectado OK
2026-07-26 12:36:49 | INFO | init_db | init_db OK | modo=local+cloud | cloud=conectado OK
2026-07-26 12:36:54 | INFO | init_db | init_db OK | modo=local+cloud | cloud=conectado OK
2026-07-26 12:36:59 | INFO | init_db | init_db OK | modo=local+cloud | cloud=conectado OK
2026-07-26 12:37:04 | INFO | init_db | init_db OK | modo=local+cloud | cloud=conectado OK
2026-07-26 12:37:09 | INFO | init_db | init_db OK | modo=local+cloud | cloud=conectado OK
2026-07-26 12:37:14 | INFO | init_db | init_db OK | modo=local+cloud | cloud=conectado OK
2026-07-26 12:37:19 | INFO | init_db | init_db OK | modo=local+cloud | cloud=conectado OK
2026-07-26 12:37:24 | INFO | init_db | init_db OK | modo=local+cloud | cloud=conectado OK
2026-07-26 12:37:29 | INFO | init_db | init_db OK | modo=local+cloud | cloud=conectado OK
2026-07-26 12:37:34 | INFO | init_db | init_db OK | modo=local+cloud | cloud=conectado OK
2026-07-26 12:37:39 | INFO | init_db | init_db OK | modo=local+cloud | cloud=conectado OK
2026-07-26 12:37:44 | INFO | init_db | init_db OK | modo=local+cloud | cloud=conectado OK
2026-07-26 12:37:49 | INFO | init_db | init_db OK | modo=local+cloud | cloud=conectado OK
2026-07-26 12:37:54 | INFO | init_db | init_db OK | modo=local+cloud | cloud=conectado OK
2026-07-26 12:37:59 | INFO | init_db | init_db OK | modo=local+cloud | cloud=conectado OK
2026-07-26 12:38:04 | INFO | init_db | init_db OK | modo=local+cloud | cloud=conectado OK
2026-07-26 12:38:09 | INFO | init_db | init_db OK | modo=local+cloud | cloud=conectado OK
2026-07-26 12:38:14 | INFO | init_db | init_db OK | modo=local+cloud | cloud=conectado OK
2026-07-26 12:38:19 | INFO | init_db | init_db OK | modo=local+cloud | cloud=conectado OK
2026-07-26 12:38:24 | INFO | init_db | init_db OK | modo=local+cloud | cloud=conectado OK
2026-07-26 12:38:29 | INFO | init_db | init_db OK | modo=local+cloud | cloud=conectado OK
2026-07-26 12:38:34 | INFO | init_db | init_db OK | modo=local+cloud | cloud=conectado OK
2026-07-26 12:38:39 | INFO | init_db | init_db OK | modo=local+cloud | cloud=conectado OK
2026-07-26 12:38:44 | INFO | init_db | init_db OK | modo=local+cloud | cloud=conectado OK
2026-07-26 12:38:49 | INFO | init_db | init_db OK | modo=local+cloud | cloud=conectado OK
2026-07-26 12:38:54 | INFO | init_db | init_db OK | modo=local+cloud | cloud=conectado OK
2026-07-26 12:38:59 | INFO | init_db | init_db OK | modo=local+cloud | cloud=conectado OK
2026-07-26 12:39:04 | INFO | init_db | init_db OK | modo=local+cloud | cloud=conectado OK
2026-07-26 12:39:09 | INFO | init_db | init_db OK | modo=local+cloud | cloud=conectado OK
2026-07-26 12:39:14 | INFO | init_db | init_db OK | modo=local+cloud | cloud=conectado OK
2026-07-26 12:39:19 | INFO | init_db | init_db OK | modo=local+cloud | cloud=conectado OK
2026-07-26 12:39:24 | INFO | init_db | init_db OK | modo=local+cloud | cloud=conectado OK
2026-07-26 12:39:29 | INFO | init_db | init_db OK | modo=local+cloud | cloud=conectado OK
2026-07-26 12:39:34 | INFO | init_db | init_db OK | modo=local+cloud | cloud=conectado OK
2026-07-26 12:39:39 | INFO | init_db | init_db OK | modo=local+cloud | cloud=conectado OK
2026-07-26 12:39:44 | INFO | init_db | init_db OK | modo=local+cloud | cloud=conectado OK
2026-07-26 12:39:49 | INFO | init_db | init_db OK | modo=local+cloud | cloud=conectado OK
2026-07-26 12:39:54 | INFO | init_db | init_db OK | modo=local+cloud | cloud=conectado OK
2026-07-26 12:39:59 | INFO | init_db | init_db OK | modo=local+cloud | cloud=conectado OK
2026-07-26 12:40:04 | INFO | init_db | init_db OK | modo=local+cloud | cloud=conectado OK
2026-07-26 12:40:09 | INFO | init_db | init_db OK | modo=local+cloud | cloud=conectado OK
2026-07-26 12:40:14 | INFO | init_db | init_db OK | modo=local+cloud | cloud=conectado OK
2026-07-26 12:40:19 | INFO | init_db | init_db OK | modo=local+cloud | cloud=conectado OK
2026-07-26 12:40:24 | INFO | init_db | init_db OK | modo=local+cloud | cloud=conectado OK
2026-07-26 12:40:29 | INFO | init_db | init_db OK | modo=local+cloud | cloud=conectado OK
2026-07-26 12:40:34 | INFO | init_db | init_db OK | modo=local+cloud | cloud=conectado OK
2026-07-26 12:40:39 | INFO | init_db | init_db OK | modo=local+cloud | cloud=conectado OK
2026-07-26 12:40:44 | INFO | init_db | init_db OK | modo=local+cloud | cloud=conectado OK
2026-07-26 12:40:49 | INFO | init_db | init_db OK | modo=local+cloud | cloud=conectado OK
2026-07-26 12:40:54 | INFO | init_db | init_db OK | modo=local+cloud | cloud=conectado OK
2026-07-26 12:40:59 | INFO | init_db | init_db OK | modo=local+cloud | cloud=conectado OK
2026-07-26 12:41:04 | INFO | init_db | init_db OK | modo=local+cloud | cloud=conectado OK
2026-07-26 12:41:09 | INFO | init_db | init_db OK | modo=local+cloud | cloud=conectado OK
2026-07-26 12:41:14 | INFO | init_db | init_db OK | modo=local+cloud | cloud=conectado OK
2026-07-26 12:41:19 | INFO | init_db | init_db OK | modo=local+cloud | cloud=conectado OK
2026-07-26 12:41:24 | INFO | init_db | init_db OK | modo=local+cloud | cloud=conectado OK
2026-07-26 12:41:29 | INFO | init_db | init_db OK | modo=local+cloud | cloud=conectado OK
2026-07-26 12:41:34 | INFO | init_db | init_db OK | modo=local+cloud | cloud=conectado OK
2026-07-26 12:41:39 | INFO | init_db | init_db OK | modo=local+cloud | cloud=conectado OK
2026-07-26 12:41:44 | INFO | init_db | init_db OK | modo=local+cloud | cloud=conectado OK
2026-07-26 12:41:49 | INFO | init_db | init_db OK | modo=local+cloud | cloud=conectado OK
2026-07-26 12:41:54 | INFO | init_db | init_db OK | modo=local+cloud | cloud=conectado OK
2026-07-26 12:41:59 | INFO | init_db | init_db OK | modo=local+cloud | cloud=conectado OK
2026-07-26 12:42:04 | INFO | init_db | init_db OK | modo=local+cloud | cloud=conectado OK
2026-07-26 12:42:09 | INFO | init_db | init_db OK | modo=local+cloud | cloud=conectado OK
2026-07-26 12:42:14 | INFO | init_db | init_db OK | modo=local+cloud | cloud=conectado OK
2026-07-26 12:42:19 | INFO | init_db | init_db OK | modo=local+cloud | cloud=conectado OK
2026-07-26 12:42:40 | INFO | init_db | init_db OK | modo=local+cloud | cloud=conectado OK
2026-07-26 12:43:40 | INFO | init_db | init_db OK | modo=local+cloud | cloud=conectado OK
2026-07-26 12:44:16 | INFO | init_db | init_db OK | modo=local+cloud | cloud=conectado OK
2026-07-26 12:44:16 | INFO | init_db | init_db OK | modo=local+cloud | cloud=conectado OK
2026-07-26 12:44:19 | INFO | init_db | init_db OK | modo=local+cloud | cloud=conectado OK
2026-07-26 12:44:53 | INFO | init_db | init_db OK | modo=local+cloud | cloud=conectado OK
2026-07-26 12:44:57 | INFO | init_db | init_db OK | modo=local+cloud | cloud=conectado OK
2026-07-26 12:45:11 | INFO | init_db | init_db OK | modo=local+cloud | cloud=conectado OK
2026-07-26 12:45:21 | INFO | init_db | init_db OK | modo=local+cloud | cloud=conectado OK
2026-07-26 12:45:31 | INFO | init_db | init_db OK | modo=local+cloud | cloud=conectado OK
2026-07-26 12:45:41 | INFO | init_db | init_db OK | modo=local+cloud | cloud=conectado OK
2026-07-26 12:45:51 | INFO | init_db | init_db OK | modo=local+cloud | cloud=conectado OK
2026-07-26 12:45:52 | INFO | init_db | init_db OK | modo=local+cloud | cloud=conectado OK
2026-07-26 12:46:26 | INFO | init_db | init_db OK | modo=local+cloud | cloud=conectado OK
2026-07-26 12:46:39 | INFO | init_db | init_db OK | modo=local+cloud | cloud=conectado OK
2026-07-26 12:46:45 | INFO | init_db | init_db OK | modo=local+cloud | cloud=conectado OK
2026-07-26 12:55:08 | INFO | init_db | init_db OK | modo=local+cloud | cloud=conectado OK
2026-07-26 12:55:14 | INFO | init_db | init_db OK | modo=local+cloud | cloud=conectado OK
2026-07-26 12:55:23 | INFO | init_db | init_db OK | modo=local+cloud | cloud=conectado OK
2026-07-26 12:55:39 | INFO | init_db | init_db OK | modo=local+cloud | cloud=conectado OK
2026-07-26 12:55:42 | INFO | salvar_chamado | salvar_chamado OK | id=19 status=Aberto | dual=True
2026-07-26 12:55:46 | INFO | init_db | init_db OK | modo=local+cloud | cloud=conectado OK
2026-07-26 12:56:20 | INFO | init_db | init_db OK | modo=local+cloud | cloud=conectado OK
2026-07-26 12:56:50 | INFO | init_db | init_db OK | modo=local+cloud | cloud=conectado OK
2026-07-26 12:57:20 | INFO | init_db | init_db OK | modo=local+cloud | cloud=conectado OK
2026-07-26 12:57:50 | INFO | init_db | init_db OK | modo=local+cloud | cloud=conectado OK
2026-07-26 12:58:20 | INFO | init_db | init_db OK | modo=local+cloud | cloud=conectado OK
2026-07-26 12:58:50 | INFO | init_db | init_db OK | modo=local+cloud | cloud=conectado OK
2026-07-26 12:59:20 | INFO | init_db | init_db OK | modo=local+cloud | cloud=conectado OK
2026-07-26 12:59:50 | INFO | init_db | init_db OK | modo=local+cloud | cloud=conectado OK
2026-07-26 13:00:20 | INFO | init_db | init_db OK | modo=local+cloud | cloud=conectado OK
2026-07-26 13:00:50 | INFO | init_db | init_db OK | modo=local+cloud | cloud=conectado OK
2026-07-26 13:01:20 | INFO | init_db | init_db OK | modo=local+cloud | cloud=conectado OK
2026-07-26 13:01:50 | INFO | init_db | init_db OK | modo=local+cloud | cloud=conectado OK
2026-07-26 13:02:20 | INFO | init_db | init_db OK | modo=local+cloud | cloud=conectado OK
2026-07-26 13:02:50 | INFO | init_db | init_db OK | modo=local+cloud | cloud=conectado OK
2026-07-26 13:03:20 | INFO | init_db | init_db OK | modo=local+cloud | cloud=conectado OK
2026-07-26 13:03:52 | INFO | init_db | init_db OK | modo=local+cloud | cloud=conectado OK
2026-07-26 13:04:23 | INFO | init_db | init_db OK | modo=local+cloud | cloud=conectado OK
2026-07-26 13:04:50 | INFO | init_db | init_db OK | modo=local+cloud | cloud=conectado OK
2026-07-26 13:05:22 | INFO | init_db | init_db OK | modo=local+cloud | cloud=conectado OK
2026-07-26 13:05:52 | INFO | init_db | init_db OK | modo=local+cloud | cloud=conectado OK
2026-07-26 13:06:22 | INFO | init_db | init_db OK | modo=local+cloud | cloud=conectado OK
2026-07-26 13:06:52 | INFO | init_db | init_db OK | modo=local+cloud | cloud=conectado OK
2026-07-26 13:07:22 | INFO | init_db | init_db OK | modo=local+cloud | cloud=conectado OK
2026-07-26 13:07:52 | INFO | init_db | init_db OK | modo=local+cloud | cloud=conectado OK
2026-07-26 13:08:22 | INFO | init_db | init_db OK | modo=local+cloud | cloud=conectado OK
2026-07-26 13:08:52 | INFO | init_db | init_db OK | modo=local+cloud | cloud=conectado OK
2026-07-26 13:09:22 | INFO | init_db | init_db OK | modo=local+cloud | cloud=conectado OK
2026-07-26 13:09:52 | INFO | init_db | init_db OK | modo=local+cloud | cloud=conectado OK
2026-07-26 13:10:22 | INFO | init_db | init_db OK | modo=local+cloud | cloud=conectado OK
2026-07-26 13:10:52 | INFO | init_db | init_db OK | modo=local+cloud | cloud=conectado OK
2026-07-26 13:11:22 | INFO | init_db | init_db OK | modo=local+cloud | cloud=conectado OK
2026-07-26 13:11:52 | INFO | init_db | init_db OK | modo=local+cloud | cloud=conectado OK
2026-07-26 13:12:22 | INFO | init_db | init_db OK | modo=local+cloud | cloud=conectado OK
2026-07-26 13:12:52 | INFO | init_db | init_db OK | modo=local+cloud | cloud=conectado OK
2026-07-26 13:13:22 | INFO | init_db | init_db OK | modo=local+cloud | cloud=conectado OK
2026-07-26 13:13:52 | INFO | init_db | init_db OK | modo=local+cloud | cloud=conectado OK
2026-07-26 13:14:22 | INFO | init_db | init_db OK | modo=local+cloud | cloud=conectado OK
2026-07-26 13:14:52 | INFO | init_db | init_db OK | modo=local+cloud | cloud=conectado OK
2026-07-26 13:15:22 | INFO | init_db | init_db OK | modo=local+cloud | cloud=conectado OK
2026-07-26 13:15:53 | INFO | init_db | init_db OK | modo=local+cloud | cloud=conectado OK
2026-07-26 13:16:22 | INFO | init_db | init_db OK | modo=local+cloud | cloud=conectado OK
2026-07-26 13:16:54 | INFO | init_db | init_db OK | modo=local+cloud | cloud=conectado OK
2026-07-26 13:17:22 | INFO | init_db | init_db OK | modo=local+cloud | cloud=conectado OK
2026-07-26 13:17:56 | INFO | init_db | init_db OK | modo=local+cloud | cloud=conectado OK
2026-07-26 13:18:22 | INFO | init_db | init_db OK | modo=local+cloud | cloud=conectado OK
2026-07-26 13:18:56 | INFO | init_db | init_db OK | modo=local+cloud | cloud=conectado OK
2026-07-26 13:19:42 | INFO | init_db | init_db OK | modo=local+cloud | cloud=conectado OK
2026-07-26 13:19:52 | INFO | init_db | init_db OK | modo=local+cloud | cloud=conectado OK
2026-07-26 13:20:42 | INFO | init_db | init_db OK | modo=local+cloud | cloud=conectado OK
2026-07-26 13:20:52 | INFO | init_db | init_db OK | modo=local+cloud | cloud=conectado OK
2026-07-26 13:21:42 | INFO | init_db | init_db OK | modo=local+cloud | cloud=conectado OK
2026-07-26 13:22:42 | INFO | init_db | init_db OK | modo=local+cloud | cloud=conectado OK
2026-07-26 13:22:52 | INFO | init_db | init_db OK | modo=local+cloud | cloud=conectado OK
2026-07-26 13:23:42 | INFO | init_db | init_db OK | modo=local+cloud | cloud=conectado OK
2026-07-26 13:23:52 | INFO | init_db | init_db OK | modo=local+cloud | cloud=conectado OK
2026-07-26 13:24:42 | INFO | init_db | init_db OK | modo=local+cloud | cloud=conectado OK
2026-07-26 13:25:42 | INFO | init_db | init_db OK | modo=local+cloud | cloud=conectado OK
2026-07-26 13:25:52 | INFO | init_db | init_db OK | modo=local+cloud | cloud=conectado OK
2026-07-26 13:26:42 | INFO | init_db | init_db OK | modo=local+cloud | cloud=conectado OK
2026-07-26 13:26:52 | INFO | init_db | init_db OK | modo=local+cloud | cloud=conectado OK
2026-07-26 13:27:42 | INFO | init_db | init_db OK | modo=local+cloud | cloud=conectado OK
2026-07-26 13:28:42 | INFO | init_db | init_db OK | modo=local+cloud | cloud=conectado OK
2026-07-26 13:28:52 | INFO | init_db | init_db OK | modo=local+cloud | cloud=conectado OK
2026-07-26 13:29:42 | INFO | init_db | init_db OK | modo=local+cloud | cloud=conectado OK
2026-07-26 13:29:52 | INFO | init_db | init_db OK | modo=local+cloud | cloud=conectado OK
2026-07-26 13:30:42 | INFO | init_db | init_db OK | modo=local+cloud | cloud=conectado OK
2026-07-26 13:30:52 | INFO | init_db | init_db OK | modo=local+cloud | cloud=conectado OK
2026-07-26 13:31:42 | INFO | init_db | init_db OK | modo=local+cloud | cloud=conectado OK
2026-07-26 13:31:52 | INFO | init_db | init_db OK | modo=local+cloud | cloud=conectado OK
2026-07-26 13:32:42 | INFO | init_db | init_db OK | modo=local+cloud | cloud=conectado OK
2026-07-26 13:33:42 | INFO | init_db | init_db OK | modo=local+cloud | cloud=conectado OK
2026-07-26 13:33:52 | INFO | init_db | init_db OK | modo=local+cloud | cloud=conectado OK
2026-07-26 13:34:42 | INFO | init_db | init_db OK | modo=local+cloud | cloud=conectado OK
2026-07-26 13:34:52 | INFO | init_db | init_db OK | modo=local+cloud | cloud=conectado OK
2026-07-26 13:35:42 | INFO | init_db | init_db OK | modo=local+cloud | cloud=conectado OK
2026-07-26 13:35:52 | INFO | init_db | init_db OK | modo=local+cloud | cloud=conectado OK
2026-07-26 13:36:42 | INFO | init_db | init_db OK | modo=local+cloud | cloud=conectado OK
2026-07-26 13:36:52 | INFO | init_db | init_db OK | modo=local+cloud | cloud=conectado OK
2026-07-26 13:37:42 | INFO | init_db | init_db OK | modo=local+cloud | cloud=conectado OK
2026-07-26 13:38:42 | INFO | init_db | init_db OK | modo=local+cloud | cloud=conectado OK
2026-07-26 13:38:52 | INFO | init_db | init_db OK | modo=local+cloud | cloud=conectado OK
2026-07-26 13:39:42 | INFO | init_db | init_db OK | modo=local+cloud | cloud=conectado OK
2026-07-26 13:40:42 | INFO | init_db | init_db OK | modo=local+cloud | cloud=conectado OK
2026-07-26 13:40:52 | INFO | init_db | init_db OK | modo=local+cloud | cloud=conectado OK
2026-07-26 13:41:42 | INFO | init_db | init_db OK | modo=local+cloud | cloud=conectado OK
2026-07-26 13:41:52 | INFO | init_db | init_db OK | modo=local+cloud | cloud=conectado OK
2026-07-26 13:42:46 | INFO | init_db | init_db OK | modo=local+cloud | cloud=conectado OK
2026-07-26 13:43:02 | INFO | init_db | init_db OK | modo=local+cloud | cloud=conectado OK
2026-07-26 13:43:22 | INFO | init_db | init_db OK | modo=local+cloud | cloud=conectado OK
2026-07-26 13:43:53 | INFO | init_db | init_db OK | modo=local+cloud | cloud=conectado OK
2026-07-26 13:44:42 | INFO | init_db | init_db OK | modo=local+cloud | cloud=conectado OK
2026-07-26 13:44:52 | INFO | init_db | init_db OK | modo=local+cloud | cloud=conectado OK
2026-07-26 13:45:42 | INFO | init_db | init_db OK | modo=local+cloud | cloud=conectado OK
2026-07-26 13:46:42 | INFO | init_db | init_db OK | modo=local+cloud | cloud=conectado OK
2026-07-26 13:46:52 | INFO | init_db | init_db OK | modo=local+cloud | cloud=conectado OK
2026-07-26 13:47:42 | INFO | init_db | init_db OK | modo=local+cloud | cloud=conectado OK
2026-07-26 13:48:42 | INFO | init_db | init_db OK | modo=local+cloud | cloud=conectado OK
2026-07-26 13:48:52 | INFO | init_db | init_db OK | modo=local+cloud | cloud=conectado OK
2026-07-26 13:49:42 | INFO | init_db | init_db OK | modo=local+cloud | cloud=conectado OK
2026-07-26 13:49:52 | INFO | init_db | init_db OK | modo=local+cloud | cloud=conectado OK
2026-07-26 13:50:42 | INFO | init_db | init_db OK | modo=local+cloud | cloud=conectado OK
2026-07-26 13:50:52 | INFO | init_db | init_db OK | modo=local+cloud | cloud=conectado OK
2026-07-26 13:51:42 | INFO | init_db | init_db OK | modo=local+cloud | cloud=conectado OK
2026-07-26 13:51:52 | INFO | init_db | init_db OK | modo=local+cloud | cloud=conectado OK
2026-07-26 13:52:42 | INFO | init_db | init_db OK | modo=local+cloud | cloud=conectado OK
2026-07-26 13:53:42 | INFO | init_db | init_db OK | modo=local+cloud | cloud=conectado OK
2026-07-26 13:53:52 | INFO | init_db | init_db OK | modo=local+cloud | cloud=conectado OK
2026-07-26 13:54:42 | INFO | init_db | init_db OK | modo=local+cloud | cloud=conectado OK
2026-07-26 13:54:52 | INFO | init_db | init_db OK | modo=local+cloud | cloud=conectado OK
2026-07-26 13:55:42 | INFO | init_db | init_db OK | modo=local+cloud | cloud=conectado OK
2026-07-26 13:55:52 | INFO | init_db | init_db OK | modo=local+cloud | cloud=conectado OK
2026-07-26 13:56:42 | INFO | init_db | init_db OK | modo=local+cloud | cloud=conectado OK
2026-07-26 13:57:42 | INFO | init_db | init_db OK | modo=local+cloud | cloud=conectado OK
2026-07-26 13:57:52 | INFO | init_db | init_db OK | modo=local+cloud | cloud=conectado OK
2026-07-26 13:58:42 | INFO | init_db | init_db OK | modo=local+cloud | cloud=conectado OK
2026-07-26 13:58:52 | INFO | init_db | init_db OK | modo=local+cloud | cloud=conectado OK
2026-07-26 13:59:42 | INFO | init_db | init_db OK | modo=local+cloud | cloud=conectado OK
2026-07-26 14:00:42 | INFO | init_db | init_db OK | modo=local+cloud | cloud=conectado OK
2026-07-26 14:00:52 | INFO | init_db | init_db OK | modo=local+cloud | cloud=conectado OK
2026-07-26 14:01:42 | INFO | init_db | init_db OK | modo=local+cloud | cloud=conectado OK
2026-07-26 14:02:42 | INFO | init_db | init_db OK | modo=local+cloud | cloud=conectado OK
2026-07-26 14:02:52 | INFO | init_db | init_db OK | modo=local+cloud | cloud=conectado OK
2026-07-26 14:03:42 | INFO | init_db | init_db OK | modo=local+cloud | cloud=conectado OK
2026-07-26 14:03:52 | INFO | init_db | init_db OK | modo=local+cloud | cloud=conectado OK
2026-07-26 14:04:42 | INFO | init_db | init_db OK | modo=local+cloud | cloud=conectado OK
2026-07-26 14:05:42 | INFO | init_db | init_db OK | modo=local+cloud | cloud=conectado OK
2026-07-26 14:05:52 | INFO | init_db | init_db OK | modo=local+cloud | cloud=conectado OK
2026-07-26 14:06:42 | INFO | init_db | init_db OK | modo=local+cloud | cloud=conectado OK
2026-07-26 14:07:42 | INFO | init_db | init_db OK | modo=local+cloud | cloud=conectado OK
2026-07-26 14:07:52 | INFO | init_db | init_db OK | modo=local+cloud | cloud=conectado OK
2026-07-26 14:08:42 | INFO | init_db | init_db OK | modo=local+cloud | cloud=conectado OK
2026-07-26 14:09:42 | INFO | init_db | init_db OK | modo=local+cloud | cloud=conectado OK
2026-07-26 14:09:52 | INFO | init_db | init_db OK | modo=local+cloud | cloud=conectado OK
2026-07-26 14:10:42 | INFO | init_db | init_db OK | modo=local+cloud | cloud=conectado OK
2026-07-26 14:10:52 | INFO | init_db | init_db OK | modo=local+cloud | cloud=conectado OK
2026-07-26 14:11:42 | INFO | init_db | init_db OK | modo=local+cloud | cloud=conectado OK
2026-07-26 14:12:42 | INFO | init_db | init_db OK | modo=local+cloud | cloud=conectado OK
2026-07-26 14:12:52 | INFO | init_db | init_db OK | modo=local+cloud | cloud=conectado OK
2026-07-26 14:13:42 | INFO | init_db | init_db OK | modo=local+cloud | cloud=conectado OK
2026-07-26 14:13:52 | INFO | init_db | init_db OK | modo=local+cloud | cloud=conectado OK
2026-07-26 14:14:42 | INFO | init_db | init_db OK | modo=local+cloud | cloud=conectado OK
2026-07-26 14:15:42 | INFO | init_db | init_db OK | modo=local+cloud | cloud=conectado OK
2026-07-26 14:15:52 | INFO | init_db | init_db OK | modo=local+cloud | cloud=conectado OK
2026-07-26 14:16:42 | INFO | init_db | init_db OK | modo=local+cloud | cloud=conectado OK
2026-07-26 14:17:42 | INFO | init_db | init_db OK | modo=local+cloud | cloud=conectado OK
2026-07-26 14:17:52 | INFO | init_db | init_db OK | modo=local+cloud | cloud=conectado OK
2026-07-26 14:18:42 | INFO | init_db | init_db OK | modo=local+cloud | cloud=conectado OK
2026-07-26 14:18:52 | INFO | init_db | init_db OK | modo=local+cloud | cloud=conectado OK
2026-07-26 14:19:42 | INFO | init_db | init_db OK | modo=local+cloud | cloud=conectado OK
2026-07-26 14:20:42 | INFO | init_db | init_db OK | modo=local+cloud | cloud=conectado OK
2026-07-26 14:20:52 | INFO | init_db | init_db OK | modo=local+cloud | cloud=conectado OK
2026-07-26 14:21:42 | INFO | init_db | init_db OK | modo=local+cloud | cloud=conectado OK
2026-07-26 14:22:42 | INFO | init_db | init_db OK | modo=local+cloud | cloud=conectado OK
2026-07-26 14:22:52 | INFO | init_db | init_db OK | modo=local+cloud | cloud=conectado OK
2026-07-26 14:23:42 | INFO | init_db | init_db OK | modo=local+cloud | cloud=conectado OK
2026-07-26 14:23:52 | INFO | init_db | init_db OK | modo=local+cloud | cloud=conectado OK
2026-07-26 14:24:42 | INFO | init_db | init_db OK | modo=local+cloud | cloud=conectado OK
2026-07-26 14:24:52 | INFO | init_db | init_db OK | modo=local+cloud | cloud=conectado OK
2026-07-26 14:25:42 | INFO | init_db | init_db OK | modo=local+cloud | cloud=conectado OK
2026-07-26 14:26:42 | INFO | init_db | init_db OK | modo=local+cloud | cloud=conectado OK
2026-07-26 14:26:52 | INFO | init_db | init_db OK | modo=local+cloud | cloud=conectado OK
2026-07-26 14:27:42 | INFO | init_db | init_db OK | modo=local+cloud | cloud=conectado OK
2026-07-26 14:28:42 | INFO | init_db | init_db OK | modo=local+cloud | cloud=conectado OK
2026-07-26 14:28:52 | INFO | init_db | init_db OK | modo=local+cloud | cloud=conectado OK
2026-07-26 14:29:42 | INFO | init_db | init_db OK | modo=local+cloud | cloud=conectado OK
2026-07-26 14:29:52 | INFO | init_db | init_db OK | modo=local+cloud | cloud=conectado OK
2026-07-26 14:30:42 | INFO | init_db | init_db OK | modo=local+cloud | cloud=conectado OK
2026-07-26 14:30:52 | INFO | init_db | init_db OK | modo=local+cloud | cloud=conectado OK
2026-07-26 14:31:42 | INFO | init_db | init_db OK | modo=local+cloud | cloud=conectado OK
2026-07-26 14:32:42 | INFO | init_db | init_db OK | modo=local+cloud | cloud=conectado OK
2026-07-26 14:32:52 | INFO | init_db | init_db OK | modo=local+cloud | cloud=conectado OK
2026-07-26 14:33:42 | INFO | init_db | init_db OK | modo=local+cloud | cloud=conectado OK
2026-07-26 14:34:42 | INFO | init_db | init_db OK | modo=local+cloud | cloud=conectado OK
2026-07-26 14:34:52 | INFO | init_db | init_db OK | modo=local+cloud | cloud=conectado OK
2026-07-26 14:35:42 | INFO | init_db | init_db OK | modo=local+cloud | cloud=conectado OK
2026-07-26 14:35:52 | INFO | init_db | init_db OK | modo=local+cloud | cloud=conectado OK
2026-07-26 14:36:42 | INFO | init_db | init_db OK | modo=local+cloud | cloud=conectado OK
2026-07-26 14:37:42 | INFO | init_db | init_db OK | modo=local+cloud | cloud=conectado OK
2026-07-26 14:37:52 | INFO | init_db | init_db OK | modo=local+cloud | cloud=conectado OK
2026-07-26 14:38:42 | INFO | init_db | init_db OK | modo=local+cloud | cloud=conectado OK
2026-07-26 14:39:42 | INFO | init_db | init_db OK | modo=local+cloud | cloud=conectado OK
2026-07-26 14:39:52 | INFO | init_db | init_db OK | modo=local+cloud | cloud=conectado OK
2026-07-26 14:40:42 | INFO | init_db | init_db OK | modo=local+cloud | cloud=conectado OK
2026-07-26 14:40:52 | INFO | init_db | init_db OK | modo=local+cloud | cloud=conectado OK
2026-07-26 14:41:42 | INFO | init_db | init_db OK | modo=local+cloud | cloud=conectado OK
2026-07-26 14:41:52 | INFO | init_db | init_db OK | modo=local+cloud | cloud=conectado OK
2026-07-26 14:42:42 | INFO | init_db | init_db OK | modo=local+cloud | cloud=conectado OK
2026-07-26 14:43:42 | INFO | init_db | init_db OK | modo=local+cloud | cloud=conectado OK
2026-07-26 14:43:52 | INFO | init_db | init_db OK | modo=local+cloud | cloud=conectado OK
2026-07-26 14:44:42 | INFO | init_db | init_db OK | modo=local+cloud | cloud=conectado OK
2026-07-26 14:45:42 | INFO | init_db | init_db OK | modo=local+cloud | cloud=conectado OK
2026-07-26 14:45:52 | INFO | init_db | init_db OK | modo=local+cloud | cloud=conectado OK
2026-07-26 14:46:42 | INFO | init_db | init_db OK | modo=local+cloud | cloud=conectado OK
2026-07-26 14:47:42 | INFO | init_db | init_db OK | modo=local+cloud | cloud=conectado OK
2026-07-26 14:47:52 | INFO | init_db | init_db OK | modo=local+cloud | cloud=conectado OK
2026-07-26 14:48:42 | INFO | init_db | init_db OK | modo=local+cloud | cloud=conectado OK
2026-07-26 14:49:42 | INFO | init_db | init_db OK | modo=local+cloud | cloud=conectado OK
2026-07-26 14:49:52 | INFO | init_db | init_db OK | modo=local+cloud | cloud=conectado OK
2026-07-26 14:50:42 | INFO | init_db | init_db OK | modo=local+cloud | cloud=conectado OK
2026-07-26 14:50:52 | INFO | init_db | init_db OK | modo=local+cloud | cloud=conectado OK
2026-07-26 14:51:42 | INFO | init_db | init_db OK | modo=local+cloud | cloud=conectado OK
2026-07-26 14:52:42 | INFO | init_db | init_db OK | modo=local+cloud | cloud=conectado OK
2026-07-26 14:52:52 | INFO | init_db | init_db OK | modo=local+cloud | cloud=conectado OK
2026-07-26 14:53:42 | INFO | init_db | init_db OK | modo=local+cloud | cloud=conectado OK
2026-07-26 14:54:42 | INFO | init_db | init_db OK | modo=local+cloud | cloud=conectado OK
2026-07-26 14:54:52 | INFO | init_db | init_db OK | modo=local+cloud | cloud=conectado OK
2026-07-26 14:55:42 | INFO | init_db | init_db OK | modo=local+cloud | cloud=conectado OK
2026-07-26 14:56:42 | INFO | init_db | init_db OK | modo=local+cloud | cloud=conectado OK
2026-07-26 14:56:52 | INFO | init_db | init_db OK | modo=local+cloud | cloud=conectado OK
2026-07-26 14:57:42 | INFO | init_db | init_db OK | modo=local+cloud | cloud=conectado OK
2026-07-26 14:58:42 | INFO | init_db | init_db OK | modo=local+cloud | cloud=conectado OK
2026-07-26 14:58:52 | INFO | init_db | init_db OK | modo=local+cloud | cloud=conectado OK
2026-07-26 14:59:42 | INFO | init_db | init_db OK | modo=local+cloud | cloud=conectado OK
2026-07-26 14:59:52 | INFO | init_db | init_db OK | modo=local+cloud | cloud=conectado OK
2026-07-26 15:00:42 | INFO | init_db | init_db OK | modo=local+cloud | cloud=conectado OK
2026-07-26 15:01:42 | INFO | init_db | init_db OK | modo=local+cloud | cloud=conectado OK
2026-07-26 15:01:53 | INFO | init_db | init_db OK | modo=local+cloud | cloud=conectado OK
2026-07-26 15:02:42 | INFO | init_db | init_db OK | modo=local+cloud | cloud=conectado OK
2026-07-26 15:03:42 | INFO | init_db | init_db OK | modo=local+cloud | cloud=conectado OK
2026-07-26 15:03:52 | INFO | init_db | init_db OK | modo=local+cloud | cloud=conectado OK
2026-07-26 15:04:42 | INFO | init_db | init_db OK | modo=local+cloud | cloud=conectado OK
2026-07-26 15:04:52 | INFO | init_db | init_db OK | modo=local+cloud | cloud=conectado OK
2026-07-26 15:05:42 | INFO | init_db | init_db OK | modo=local+cloud | cloud=conectado OK
2026-07-26 15:06:42 | INFO | init_db | init_db OK | modo=local+cloud | cloud=conectado OK
2026-07-26 15:06:52 | INFO | init_db | init_db OK | modo=local+cloud | cloud=conectado OK
2026-07-26 15:07:42 | INFO | init_db | init_db OK | modo=local+cloud | cloud=conectado OK
2026-07-26 15:07:52 | INFO | init_db | init_db OK | modo=local+cloud | cloud=conectado OK
2026-07-26 15:08:42 | INFO | init_db | init_db OK | modo=local+cloud | cloud=conectado OK
2026-07-26 15:09:42 | INFO | init_db | init_db OK | modo=local+cloud | cloud=conectado OK
2026-07-26 15:09:52 | INFO | init_db | init_db OK | modo=local+cloud | cloud=conectado OK
2026-07-26 15:10:42 | INFO | init_db | init_db OK | modo=local+cloud | cloud=conectado OK
2026-07-26 15:11:42 | INFO | init_db | init_db OK | modo=local+cloud | cloud=conectado OK
2026-07-26 15:11:52 | INFO | init_db | init_db OK | modo=local+cloud | cloud=conectado OK
2026-07-26 15:12:42 | INFO | init_db | init_db OK | modo=local+cloud | cloud=conectado OK
2026-07-26 15:12:52 | INFO | init_db | init_db OK | modo=local+cloud | cloud=conectado OK
2026-07-26 15:13:42 | INFO | init_db | init_db OK | modo=local+cloud | cloud=conectado OK
2026-07-26 15:13:52 | INFO | init_db | init_db OK | modo=local+cloud | cloud=conectado OK
2026-07-26 15:14:42 | INFO | init_db | init_db OK | modo=local+cloud | cloud=conectado OK
2026-07-26 15:14:52 | INFO | init_db | init_db OK | modo=local+cloud | cloud=conectado OK
2026-07-26 15:15:42 | INFO | init_db | init_db OK | modo=local+cloud | cloud=conectado OK
2026-07-26 15:16:42 | INFO | init_db | init_db OK | modo=local+cloud | cloud=conectado OK
2026-07-26 15:16:52 | INFO | init_db | init_db OK | modo=local+cloud | cloud=conectado OK
2026-07-26 15:17:42 | INFO | init_db | init_db OK | modo=local+cloud | cloud=conectado OK
2026-07-26 15:17:52 | INFO | init_db | init_db OK | modo=local+cloud | cloud=conectado OK
2026-07-26 15:18:42 | INFO | init_db | init_db OK | modo=local+cloud | cloud=conectado OK
2026-07-26 15:18:52 | INFO | init_db | init_db OK | modo=local+cloud | cloud=conectado OK
2026-07-26 15:19:42 | INFO | init_db | init_db OK | modo=local+cloud | cloud=conectado OK
2026-07-26 15:19:52 | INFO | init_db | init_db OK | modo=local+cloud | cloud=conectado OK
2026-07-26 15:20:42 | INFO | init_db | init_db OK | modo=local+cloud | cloud=conectado OK
2026-07-26 15:21:42 | INFO | init_db | init_db OK | modo=local+cloud | cloud=conectado OK
2026-07-26 15:21:52 | INFO | init_db | init_db OK | modo=local+cloud | cloud=conectado OK
2026-07-26 15:22:43 | INFO | init_db | init_db OK | modo=local+cloud | cloud=conectado OK
2026-07-26 15:22:52 | INFO | init_db | init_db OK | modo=local+cloud | cloud=conectado OK
2026-07-26 15:23:42 | INFO | init_db | init_db OK | modo=local+cloud | cloud=conectado OK
2026-07-26 15:24:42 | INFO | init_db | init_db OK | modo=local+cloud | cloud=conectado OK
2026-07-26 15:24:52 | INFO | init_db | init_db OK | modo=local+cloud | cloud=conectado OK
2026-07-26 15:25:42 | INFO | init_db | init_db OK | modo=local+cloud | cloud=conectado OK
2026-07-26 15:25:52 | INFO | init_db | init_db OK | modo=local+cloud | cloud=conectado OK
2026-07-26 15:26:42 | INFO | init_db | init_db OK | modo=local+cloud | cloud=conectado OK
2026-07-26 15:27:42 | INFO | init_db | init_db OK | modo=local+cloud | cloud=conectado OK
2026-07-26 15:27:52 | INFO | init_db | init_db OK | modo=local+cloud | cloud=conectado OK
2026-07-26 15:28:42 | INFO | init_db | init_db OK | modo=local+cloud | cloud=conectado OK
2026-07-26 15:28:53 | INFO | init_db | init_db OK | modo=local+cloud | cloud=conectado OK
2026-07-26 15:29:42 | INFO | init_db | init_db OK | modo=local+cloud | cloud=conectado OK
2026-07-26 15:30:42 | INFO | init_db | init_db OK | modo=local+cloud | cloud=conectado OK
2026-07-26 15:30:52 | INFO | init_db | init_db OK | modo=local+cloud | cloud=conectado OK
2026-07-26 15:31:43 | INFO | init_db | init_db OK | modo=local+cloud | cloud=conectado OK
2026-07-26 15:31:53 | INFO | init_db | init_db OK | modo=local+cloud | cloud=conectado OK
2026-07-26 15:32:43 | INFO | init_db | init_db OK | modo=local+cloud | cloud=conectado OK
2026-07-26 15:32:53 | INFO | init_db | init_db OK | modo=local+cloud | cloud=conectado OK
2026-07-26 15:33:23 | INFO | init_db | init_db OK | modo=local+cloud | cloud=conectado OK
2026-07-26 15:34:26 | INFO | init_db | init_db OK | modo=local+cloud | cloud=conectado OK
2026-07-26 15:34:52 | INFO | init_db | init_db OK | modo=local+cloud | cloud=conectado OK
2026-07-26 15:35:27 | INFO | init_db | init_db OK | modo=local+cloud | cloud=conectado OK
2026-07-26 15:36:28 | INFO | init_db | init_db OK | modo=local+cloud | cloud=conectado OK
2026-07-26 15:36:52 | INFO | init_db | init_db OK | modo=local+cloud | cloud=conectado OK
2026-07-26 15:37:30 | INFO | init_db | init_db OK | modo=local+cloud | cloud=conectado OK
2026-07-26 15:37:52 | INFO | init_db | init_db OK | modo=local+cloud | cloud=conectado OK
2026-07-26 15:38:32 | INFO | init_db | init_db OK | modo=local+cloud | cloud=conectado OK
2026-07-26 15:38:53 | INFO | init_db | init_db OK | modo=local+cloud | cloud=conectado OK
2026-07-26 15:39:42 | INFO | init_db | init_db OK | modo=local+cloud | cloud=conectado OK
2026-07-26 15:39:52 | INFO | init_db | init_db OK | modo=local+cloud | cloud=conectado OK
2026-07-26 15:40:42 | INFO | init_db | init_db OK | modo=local+cloud | cloud=conectado OK
2026-07-26 15:41:42 | INFO | init_db | init_db OK | modo=local+cloud | cloud=conectado OK
2026-07-26 15:41:52 | INFO | init_db | init_db OK | modo=local+cloud | cloud=conectado OK
2026-07-26 15:42:42 | INFO | init_db | init_db OK | modo=local+cloud | cloud=conectado OK
2026-07-26 15:43:42 | INFO | init_db | init_db OK | modo=local+cloud | cloud=conectado OK
2026-07-26 15:43:52 | INFO | init_db | init_db OK | modo=local+cloud | cloud=conectado OK
2026-07-26 15:45:12 | ERROR | log_error | Falha ao conectar no SQLite Cloud | url=sqlitecloud://cvvuzgkevz.g4.sqlite.cloud:8860/banco_chamados... | An error occurred while initializing the socket.
Traceback (most recent call last):
  File "C:\Users\Tecnologia e infra\AppData\Local\Python\pythoncore-3.14-64\Lib\site-packages\sqlitecloud\driver.py", line 163, in _internal_connect
    sock.connect((hostname, port))
    ~~~~~~~~~~~~^^^^^^^^^^^^^^^^^^
  File "C:\Users\Tecnologia e infra\AppData\Local\Python\pythoncore-3.14-64\Lib\ssl.py", line 1405, in connect
    self._real_connect(addr, False)
    ~~~~~~~~~~~~~~~~~~^^^^^^^^^^^^^
  File "C:\Users\Tecnologia e infra\AppData\Local\Python\pythoncore-3.14-64\Lib\ssl.py", line 1396, in _real_connect
    self.do_handshake()
    ~~~~~~~~~~~~~~~~~^^
  File "C:\Users\Tecnologia e infra\AppData\Local\Python\pythoncore-3.14-64\Lib\ssl.py", line 1372, in do_handshake
    self._sslobj.do_handshake()
    ~~~~~~~~~~~~~~~~~~~~~~~~~^^
TimeoutError: _ssl.c:1063: The handshake operation timed out

The above exception was the direct cause of the following exception:

Traceback (most recent call last):
  File "C:\Users\Tecnologia e infra\Documents\app versao publica\app.py", line 148, in get_cloud_connection
    conn = sqlitecloud.connect(cloud_url)
  File "C:\Users\Tecnologia e infra\AppData\Local\Python\pythoncore-3.14-64\Lib\site-packages\sqlitecloud\dbapi2.py", line 180, in connect
    driver.connect(config.account.hostname, config.account.port, config),
    ~~~~~~~~~~~~~~^^^^^^^^^^^^^^^^^^^^^^^^^^^^^^^^^^^^^^^^^^^^^^^^^^^^^^
  File "C:\Users\Tecnologia e infra\AppData\Local\Python\pythoncore-3.14-64\Lib\site-packages\sqlitecloud\driver.py", line 58, in connect
    sock = self._internal_connect(hostname, port, config)
  File "C:\Users\Tecnologia e infra\AppData\Local\Python\pythoncore-3.14-64\Lib\site-packages\sqlitecloud\driver.py", line 166, in _internal_connect
    raise SQLiteCloudException(errmsg) from e
sqlitecloud.exceptions.SQLiteCloudException: An error occurred while initializing the socket.
2026-07-26 15:45:12 | INFO | init_db | init_db OK | modo=local | cloud=URL encontrada mas conexão falhou (veja log)
2026-07-26 15:45:43 | ERROR | log_error | Falha ao conectar no SQLite Cloud | url=sqlitecloud://cvvuzgkevz.g4.sqlite.cloud:8860/banco_chamados... | An error occurred while initializing the socket.
Traceback (most recent call last):
  File "C:\Users\Tecnologia e infra\AppData\Local\Python\pythoncore-3.14-64\Lib\site-packages\sqlitecloud\driver.py", line 163, in _internal_connect
    sock.connect((hostname, port))
    ~~~~~~~~~~~~^^^^^^^^^^^^^^^^^^
  File "C:\Users\Tecnologia e infra\AppData\Local\Python\pythoncore-3.14-64\Lib\ssl.py", line 1405, in connect
    self._real_connect(addr, False)
    ~~~~~~~~~~~~~~~~~~^^^^^^^^^^^^^
  File "C:\Users\Tecnologia e infra\AppData\Local\Python\pythoncore-3.14-64\Lib\ssl.py", line 1396, in _real_connect
    self.do_handshake()
    ~~~~~~~~~~~~~~~~~^^
  File "C:\Users\Tecnologia e infra\AppData\Local\Python\pythoncore-3.14-64\Lib\ssl.py", line 1372, in do_handshake
    self._sslobj.do_handshake()
    ~~~~~~~~~~~~~~~~~~~~~~~~~^^
TimeoutError: _ssl.c:1063: The handshake operation timed out

The above exception was the direct cause of the following exception:

Traceback (most recent call last):
  File "C:\Users\Tecnologia e infra\Documents\app versao publica\app.py", line 148, in get_cloud_connection
    conn = sqlitecloud.connect(cloud_url)
  File "C:\Users\Tecnologia e infra\AppData\Local\Python\pythoncore-3.14-64\Lib\site-packages\sqlitecloud\dbapi2.py", line 180, in connect
    driver.connect(config.account.hostname, config.account.port, config),
    ~~~~~~~~~~~~~~^^^^^^^^^^^^^^^^^^^^^^^^^^^^^^^^^^^^^^^^^^^^^^^^^^^^^^
  File "C:\Users\Tecnologia e infra\AppData\Local\Python\pythoncore-3.14-64\Lib\site-packages\sqlitecloud\driver.py", line 58, in connect
    sock = self._internal_connect(hostname, port, config)
  File "C:\Users\Tecnologia e infra\AppData\Local\Python\pythoncore-3.14-64\Lib\site-packages\sqlitecloud\driver.py", line 166, in _internal_connect
    raise SQLiteCloudException(errmsg) from e
sqlitecloud.exceptions.SQLiteCloudException: An error occurred while initializing the socket.
2026-07-26 15:46:11 | INFO | init_db | init_db OK | modo=local+cloud | cloud=conectado OK
2026-07-26 15:46:16 | INFO | init_db | init_db OK | modo=local+cloud | cloud=conectado OK
2026-07-26 15:46:22 | INFO | init_db | init_db OK | modo=local+cloud | cloud=conectado OK
2026-07-26 15:47:22 | ERROR | log_error | Falha ao conectar no SQLite Cloud | url=sqlitecloud://cvvuzgkevz.g4.sqlite.cloud:8860/banco_chamados... | An error occurred while initializing the socket.
Traceback (most recent call last):
  File "C:\Users\Tecnologia e infra\AppData\Local\Python\pythoncore-3.14-64\Lib\site-packages\sqlitecloud\driver.py", line 163, in _internal_connect
    sock.connect((hostname, port))
    ~~~~~~~~~~~~^^^^^^^^^^^^^^^^^^
  File "C:\Users\Tecnologia e infra\AppData\Local\Python\pythoncore-3.14-64\Lib\ssl.py", line 1405, in connect
    self._real_connect(addr, False)
    ~~~~~~~~~~~~~~~~~~^^^^^^^^^^^^^
  File "C:\Users\Tecnologia e infra\AppData\Local\Python\pythoncore-3.14-64\Lib\ssl.py", line 1396, in _real_connect
    self.do_handshake()
    ~~~~~~~~~~~~~~~~~^^
  File "C:\Users\Tecnologia e infra\AppData\Local\Python\pythoncore-3.14-64\Lib\ssl.py", line 1372, in do_handshake
    self._sslobj.do_handshake()
    ~~~~~~~~~~~~~~~~~~~~~~~~~^^
TimeoutError: _ssl.c:1063: The handshake operation timed out

The above exception was the direct cause of the following exception:

Traceback (most recent call last):
  File "C:\Users\Tecnologia e infra\Documents\app versao publica\app.py", line 148, in get_cloud_connection
    conn = sqlitecloud.connect(cloud_url)
  File "C:\Users\Tecnologia e infra\AppData\Local\Python\pythoncore-3.14-64\Lib\site-packages\sqlitecloud\dbapi2.py", line 180, in connect
    driver.connect(config.account.hostname, config.account.port, config),
    ~~~~~~~~~~~~~~^^^^^^^^^^^^^^^^^^^^^^^^^^^^^^^^^^^^^^^^^^^^^^^^^^^^^^
  File "C:\Users\Tecnologia e infra\AppData\Local\Python\pythoncore-3.14-64\Lib\site-packages\sqlitecloud\driver.py", line 58, in connect
    sock = self._internal_connect(hostname, port, config)
  File "C:\Users\Tecnologia e infra\AppData\Local\Python\pythoncore-3.14-64\Lib\site-packages\sqlitecloud\driver.py", line 166, in _internal_connect
    raise SQLiteCloudException(errmsg) from e
sqlitecloud.exceptions.SQLiteCloudException: An error occurred while initializing the socket.
2026-07-26 15:47:22 | INFO | init_db | init_db OK | modo=local | cloud=URL encontrada mas conexão falhou (veja log)
2026-07-26 15:47:33 | INFO | init_db | init_db OK | modo=local+cloud | cloud=conectado OK
2026-07-26 15:47:53 | INFO | init_db | init_db OK | modo=local+cloud | cloud=conectado OK
2026-07-26 15:48:43 | INFO | init_db | init_db OK | modo=local+cloud | cloud=conectado OK
2026-07-26 15:48:52 | INFO | init_db | init_db OK | modo=local+cloud | cloud=conectado OK
2026-07-26 15:50:35 | ERROR | log_error | init_db cloud schema/query | An error occurred while reading command length from the socket.
Traceback (most recent call last):
  File "C:\Users\Tecnologia e infra\AppData\Local\Python\pythoncore-3.14-64\Lib\site-packages\sqlitecloud\driver.py", line 540, in _internal_socket_read
    data = sock.recv(1)
  File "C:\Users\Tecnologia e infra\AppData\Local\Python\pythoncore-3.14-64\Lib\ssl.py", line 1285, in recv
    return self.read(buflen)
           ~~~~~~~~~^^^^^^^^
  File "C:\Users\Tecnologia e infra\AppData\Local\Python\pythoncore-3.14-64\Lib\ssl.py", line 1140, in read
    return self._sslobj.read(len)
           ~~~~~~~~~~~~~~~~~^^^^^
TimeoutError: The read operation timed out

The above exception was the direct cause of the following exception:

Traceback (most recent call last):
  File "C:\Users\Tecnologia e infra\Documents\app versao publica\app.py", line 354, in init_db
    _ensure_schema(cloud)
    ~~~~~~~~~~~~~~^^^^^^^
  File "C:\Users\Tecnologia e infra\Documents\app versao publica\app.py", line 205, in _ensure_schema
    cur.execute("""
    ~~~~~~~~~~~^^^^
        CREATE TABLE IF NOT EXISTS equipamentos (
        ^^^^^^^^^^^^^^^^^^^^^^^^^^^^^^^^^^^^^^^^^
    ...<10 lines>...
        )
        ^
    """)
    ^^^^
  File "C:\Users\Tecnologia e infra\AppData\Local\Python\pythoncore-3.14-64\Lib\site-packages\sqlitecloud\dbapi2.py", line 583, in execute
    result = self._driver.execute_statement(
        sql, parameters, self.connection.sqlitecloud_connection
    )
  File "C:\Users\Tecnologia e infra\AppData\Local\Python\pythoncore-3.14-64\Lib\site-packages\sqlitecloud\driver.py", line 109, in execute_statement
    result = self._internal_run_command(connection, command)
  File "C:\Users\Tecnologia e infra\AppData\Local\Python\pythoncore-3.14-64\Lib\site-packages\sqlitecloud\driver.py", line 487, in _internal_run_command
    return self._internal_socket_read(connection, main_socket)
           ~~~~~~~~~~~~~~~~~~~~~~~~~~^^^^^^^^^^^^^^^^^^^^^^^^^
  File "C:\Users\Tecnologia e infra\AppData\Local\Python\pythoncore-3.14-64\Lib\site-packages\sqlitecloud\driver.py", line 546, in _internal_socket_read
    raise SQLiteCloudException(
    ...<2 lines>...
    ) from exc
sqlitecloud.exceptions.SQLiteCloudException: An error occurred while reading command length from the socket.
2026-07-26 15:50:35 | INFO | init_db | init_db OK | modo=local | cloud=conectado mas schema/query falhou: An error occurred while reading command length from the socket.
2026-07-26 15:51:22 | ERROR | log_error | carregar_equipe falhou | An error occurred while reading command length from the socket.
Traceback (most recent call last):
  File "C:\Users\Tecnologia e infra\AppData\Local\Python\pythoncore-3.14-64\Lib\site-packages\sqlitecloud\driver.py", line 540, in _internal_socket_read
    data = sock.recv(1)
  File "C:\Users\Tecnologia e infra\AppData\Local\Python\pythoncore-3.14-64\Lib\ssl.py", line 1285, in recv
    return self.read(buflen)
           ~~~~~~~~~^^^^^^^^
  File "C:\Users\Tecnologia e infra\AppData\Local\Python\pythoncore-3.14-64\Lib\ssl.py", line 1140, in read
    return self._sslobj.read(len)
           ~~~~~~~~~~~~~~~~~^^^^^
TimeoutError: The read operation timed out

The above exception was the direct cause of the following exception:

Traceback (most recent call last):
  File "C:\Users\Tecnologia e infra\Documents\app versao publica\app.py", line 571, in carregar_equipe
    df = pd.read_sql("SELECT * FROM equipe", conn)
  File "C:\Users\Tecnologia e infra\AppData\Local\Python\pythoncore-3.14-64\Lib\site-packages\pandas\io\sql.py", line 702, in read_sql
    return pandas_sql.read_query(
           ~~~~~~~~~~~~~~~~~~~~~^
        sql,
        ^^^^
    ...<6 lines>...
        dtype=dtype,
        ^^^^^^^^^^^^
    )
    ^
  File "C:\Users\Tecnologia e infra\AppData\Local\Python\pythoncore-3.14-64\Lib\site-packages\pandas\io\sql.py", line 2766, in read_query
    cursor = self.execute(sql, params)
  File "C:\Users\Tecnologia e infra\AppData\Local\Python\pythoncore-3.14-64\Lib\site-packages\pandas\io\sql.py", line 2702, in execute
    cur.execute(sql, *args)
    ~~~~~~~~~~~^^^^^^^^^^^^
  File "C:\Users\Tecnologia e infra\AppData\Local\Python\pythoncore-3.14-64\Lib\site-packages\sqlitecloud\dbapi2.py", line 583, in execute
    result = self._driver.execute_statement(
        sql, parameters, self.connection.sqlitecloud_connection
    )
  File "C:\Users\Tecnologia e infra\AppData\Local\Python\pythoncore-3.14-64\Lib\site-packages\sqlitecloud\driver.py", line 109, in execute_statement
    result = self._internal_run_command(connection, command)
  File "C:\Users\Tecnologia e infra\AppData\Local\Python\pythoncore-3.14-64\Lib\site-packages\sqlitecloud\driver.py", line 487, in _internal_run_command
    return self._internal_socket_read(connection, main_socket)
           ~~~~~~~~~~~~~~~~~~~~~~~~~~^^^^^^^^^^^^^^^^^^^^^^^^^
  File "C:\Users\Tecnologia e infra\AppData\Local\Python\pythoncore-3.14-64\Lib\site-packages\sqlitecloud\driver.py", line 546, in _internal_socket_read
    raise SQLiteCloudException(
    ...<2 lines>...
    ) from exc
sqlitecloud.exceptions.SQLiteCloudException: An error occurred while reading command length from the socket.
2026-07-26 15:51:29 | ERROR | log_error | init_db cloud schema/query | An error occurred while reading command length from the socket.
Traceback (most recent call last):
  File "C:\Users\Tecnologia e infra\AppData\Local\Python\pythoncore-3.14-64\Lib\site-packages\sqlitecloud\driver.py", line 540, in _internal_socket_read
    data = sock.recv(1)
  File "C:\Users\Tecnologia e infra\AppData\Local\Python\pythoncore-3.14-64\Lib\ssl.py", line 1285, in recv
    return self.read(buflen)
           ~~~~~~~~~^^^^^^^^
  File "C:\Users\Tecnologia e infra\AppData\Local\Python\pythoncore-3.14-64\Lib\ssl.py", line 1140, in read
    return self._sslobj.read(len)
           ~~~~~~~~~~~~~~~~~^^^^^
TimeoutError: The read operation timed out

The above exception was the direct cause of the following exception:

Traceback (most recent call last):
  File "C:\Users\Tecnologia e infra\Documents\app versao publica\app.py", line 354, in init_db
    _ensure_schema(cloud)
    ~~~~~~~~~~~~~~^^^^^^^
  File "C:\Users\Tecnologia e infra\Documents\app versao publica\app.py", line 205, in _ensure_schema
    cur.execute("""
    ~~~~~~~~~~~^^^^
        CREATE TABLE IF NOT EXISTS equipamentos (
        ^^^^^^^^^^^^^^^^^^^^^^^^^^^^^^^^^^^^^^^^^
    ...<10 lines>...
        )
        ^
    """)
    ^^^^
  File "C:\Users\Tecnologia e infra\AppData\Local\Python\pythoncore-3.14-64\Lib\site-packages\sqlitecloud\dbapi2.py", line 583, in execute
    result = self._driver.execute_statement(
        sql, parameters, self.connection.sqlitecloud_connection
    )
  File "C:\Users\Tecnologia e infra\AppData\Local\Python\pythoncore-3.14-64\Lib\site-packages\sqlitecloud\driver.py", line 109, in execute_statement
    result = self._internal_run_command(connection, command)
  File "C:\Users\Tecnologia e infra\AppData\Local\Python\pythoncore-3.14-64\Lib\site-packages\sqlitecloud\driver.py", line 487, in _internal_run_command
    return self._internal_socket_read(connection, main_socket)
           ~~~~~~~~~~~~~~~~~~~~~~~~~~^^^^^^^^^^^^^^^^^^^^^^^^^
  File "C:\Users\Tecnologia e infra\AppData\Local\Python\pythoncore-3.14-64\Lib\site-packages\sqlitecloud\driver.py", line 546, in _internal_socket_read
    raise SQLiteCloudException(
    ...<2 lines>...
    ) from exc
sqlitecloud.exceptions.SQLiteCloudException: An error occurred while reading command length from the socket.
2026-07-26 15:51:29 | INFO | init_db | init_db OK | modo=local | cloud=conectado mas schema/query falhou: An error occurred while reading command length from the socket.
2026-07-26 15:51:49 | ERROR | log_error | Falha ao conectar no SQLite Cloud | url=sqlitecloud://cvvuzgkevz.g4.sqlite.cloud:8860/banco_chamados... | An error occurred while initializing the socket.
Traceback (most recent call last):
  File "C:\Users\Tecnologia e infra\AppData\Local\Python\pythoncore-3.14-64\Lib\site-packages\sqlitecloud\driver.py", line 163, in _internal_connect
    sock.connect((hostname, port))
    ~~~~~~~~~~~~^^^^^^^^^^^^^^^^^^
  File "C:\Users\Tecnologia e infra\AppData\Local\Python\pythoncore-3.14-64\Lib\ssl.py", line 1405, in connect
    self._real_connect(addr, False)
    ~~~~~~~~~~~~~~~~~~^^^^^^^^^^^^^
  File "C:\Users\Tecnologia e infra\AppData\Local\Python\pythoncore-3.14-64\Lib\ssl.py", line 1396, in _real_connect
    self.do_handshake()
    ~~~~~~~~~~~~~~~~~^^
  File "C:\Users\Tecnologia e infra\AppData\Local\Python\pythoncore-3.14-64\Lib\ssl.py", line 1372, in do_handshake
    self._sslobj.do_handshake()
    ~~~~~~~~~~~~~~~~~~~~~~~~~^^
ssl.SSLEOFError: [SSL: UNEXPECTED_EOF_WHILE_READING] EOF occurred in violation of protocol (_ssl.c:1081)

The above exception was the direct cause of the following exception:

Traceback (most recent call last):
  File "C:\Users\Tecnologia e infra\Documents\app versao publica\app.py", line 148, in get_cloud_connection
    conn = sqlitecloud.connect(cloud_url)
  File "C:\Users\Tecnologia e infra\AppData\Local\Python\pythoncore-3.14-64\Lib\site-packages\sqlitecloud\dbapi2.py", line 180, in connect
    driver.connect(config.account.hostname, config.account.port, config),
    ~~~~~~~~~~~~~~^^^^^^^^^^^^^^^^^^^^^^^^^^^^^^^^^^^^^^^^^^^^^^^^^^^^^^
  File "C:\Users\Tecnologia e infra\AppData\Local\Python\pythoncore-3.14-64\Lib\site-packages\sqlitecloud\driver.py", line 58, in connect
    sock = self._internal_connect(hostname, port, config)
  File "C:\Users\Tecnologia e infra\AppData\Local\Python\pythoncore-3.14-64\Lib\site-packages\sqlitecloud\driver.py", line 166, in _internal_connect
    raise SQLiteCloudException(errmsg) from e
sqlitecloud.exceptions.SQLiteCloudException: An error occurred while initializing the socket.
2026-07-26 15:52:00 | INFO | init_db | init_db OK | modo=local+cloud | cloud=conectado OK
2026-07-26 15:52:07 | INFO | init_db | init_db OK | modo=local+cloud | cloud=conectado OK
2026-07-26 15:52:22 | INFO | init_db | init_db OK | modo=local+cloud | cloud=conectado OK
2026-07-26 15:52:55 | INFO | init_db | init_db OK | modo=local+cloud | cloud=conectado OK
2026-07-26 15:53:42 | INFO | init_db | init_db OK | modo=local+cloud | cloud=conectado OK
2026-07-26 15:53:53 | INFO | init_db | init_db OK | modo=local+cloud | cloud=conectado OK
2026-07-26 15:54:42 | INFO | init_db | init_db OK | modo=local+cloud | cloud=conectado OK
2026-07-26 15:54:53 | INFO | init_db | init_db OK | modo=local+cloud | cloud=conectado OK
2026-07-26 15:55:42 | INFO | init_db | init_db OK | modo=local+cloud | cloud=conectado OK
2026-07-26 15:55:53 | INFO | init_db | init_db OK | modo=local+cloud | cloud=conectado OK
2026-07-26 15:56:42 | INFO | init_db | init_db OK | modo=local+cloud | cloud=conectado OK
2026-07-26 15:57:42 | INFO | init_db | init_db OK | modo=local+cloud | cloud=conectado OK
2026-07-26 15:57:52 | INFO | init_db | init_db OK | modo=local+cloud | cloud=conectado OK
2026-07-26 15:58:48 | INFO | init_db | init_db OK | modo=local+cloud | cloud=conectado OK
2026-07-26 15:59:44 | INFO | init_db | init_db OK | modo=local+cloud | cloud=conectado OK
2026-07-26 15:59:53 | INFO | init_db | init_db OK | modo=local+cloud | cloud=conectado OK
2026-07-26 16:00:43 | INFO | init_db | init_db OK | modo=local+cloud | cloud=conectado OK
2026-07-26 16:01:00 | INFO | init_db | init_db OK | modo=local+cloud | cloud=conectado OK
2026-07-26 16:01:22 | INFO | init_db | init_db OK | modo=local+cloud | cloud=conectado OK
2026-07-26 16:01:53 | INFO | init_db | init_db OK | modo=local+cloud | cloud=conectado OK
2026-07-26 16:02:22 | INFO | init_db | init_db OK | modo=local+cloud | cloud=conectado OK
2026-07-26 16:02:54 | INFO | init_db | init_db OK | modo=local+cloud | cloud=conectado OK
2026-07-26 16:03:22 | INFO | init_db | init_db OK | modo=local+cloud | cloud=conectado OK
2026-07-26 16:03:55 | INFO | init_db | init_db OK | modo=local+cloud | cloud=conectado OK
2026-07-26 16:04:22 | INFO | init_db | init_db OK | modo=local+cloud | cloud=conectado OK
2026-07-26 16:04:56 | INFO | init_db | init_db OK | modo=local+cloud | cloud=conectado OK
2026-07-26 16:05:22 | INFO | init_db | init_db OK | modo=local+cloud | cloud=conectado OK
2026-07-26 16:05:27 | INFO | init_db | init_db OK | modo=local+cloud | cloud=conectado OK
2026-07-27 12:52:17 | ERROR | log_error | Falha ao conectar no SQLite Cloud | url=sqlitecloud://cvvuzgkevz.g4.sqlite.cloud:8860/banco_chamados... | Your free node has been paused due to inactivity. To resume usage, please restart your node from your dashboard: https://dashboard.sqlitecloud.io
Traceback (most recent call last):
  File "C:\Users\Tecnologia e infra\Documents\app versao publica\app.py", line 148, in get_cloud_connection
    conn = sqlitecloud.connect(cloud_url)
  File "C:\Users\Tecnologia e infra\AppData\Local\Python\pythoncore-3.14-64\Lib\site-packages\sqlitecloud\dbapi2.py", line 180, in connect
    driver.connect(config.account.hostname, config.account.port, config),
    ~~~~~~~~~~~~~~^^^^^^^^^^^^^^^^^^^^^^^^^^^^^^^^^^^^^^^^^^^^^^^^^^^^^^
  File "C:\Users\Tecnologia e infra\AppData\Local\Python\pythoncore-3.14-64\Lib\site-packages\sqlitecloud\driver.py", line 64, in connect
    self._internal_config_apply(connection, config)
    ~~~~~~~~~~~~~~~~~~~~~~~~~~~^^^^^^^^^^^^^^^^^^^^
  File "C:\Users\Tecnologia e infra\AppData\Local\Python\pythoncore-3.14-64\Lib\site-packages\sqlitecloud\driver.py", line 469, in _internal_config_apply
    self._internal_run_command(
    ~~~~~~~~~~~~~~~~~~~~~~~~~~^
        connection, self._internal_serialize_command(command)
        ^^^^^^^^^^^^^^^^^^^^^^^^^^^^^^^^^^^^^^^^^^^^^^^^^^^^^
    )
    ^
  File "C:\Users\Tecnologia e infra\AppData\Local\Python\pythoncore-3.14-64\Lib\site-packages\sqlitecloud\driver.py", line 487, in _internal_run_command
    return self._internal_socket_read(connection, main_socket)
           ~~~~~~~~~~~~~~~~~~~~~~~~~~^^^^^^^^^^^^^^^^^^^^^^^^^
  File "C:\Users\Tecnologia e infra\AppData\Local\Python\pythoncore-3.14-64\Lib\site-packages\sqlitecloud\driver.py", line 595, in _internal_socket_read
    return self._internal_parse_buffer(connection, buffer, len(buffer))
           ~~~~~~~~~~~~~~~~~~~~~~~~~~~^^^^^^^^^^^^^^^^^^^^^^^^^^^^^^^^^
  File "C:\Users\Tecnologia e infra\AppData\Local\Python\pythoncore-3.14-64\Lib\site-packages\sqlitecloud\driver.py", line 736, in _internal_parse_buffer
    raise get_sqlitecloud_error_with_extended_code(
        errmsg.decode(), errcode, xerrcode
    )(errmsg.decode(), errcode, xerrcode)
sqlitecloud.exceptions.SQLiteCloudError: Your free node has been paused due to inactivity. To resume usage, please restart your node from your dashboard: https://dashboard.sqlitecloud.io
2026-07-27 12:52:17 | INFO | init_db | init_db OK | modo=local | cloud=URL encontrada mas conexão falhou (veja log)
2026-07-27 12:52:18 | ERROR | log_error | Falha ao conectar no SQLite Cloud | url=sqlitecloud://cvvuzgkevz.g4.sqlite.cloud:8860/banco_chamados... | Your free node has been paused due to inactivity. To resume usage, please restart your node from your dashboard: https://dashboard.sqlitecloud.io
Traceback (most recent call last):
  File "C:\Users\Tecnologia e infra\Documents\app versao publica\app.py", line 148, in get_cloud_connection
    conn = sqlitecloud.connect(cloud_url)
  File "C:\Users\Tecnologia e infra\AppData\Local\Python\pythoncore-3.14-64\Lib\site-packages\sqlitecloud\dbapi2.py", line 180, in connect
    driver.connect(config.account.hostname, config.account.port, config),
    ~~~~~~~~~~~~~~^^^^^^^^^^^^^^^^^^^^^^^^^^^^^^^^^^^^^^^^^^^^^^^^^^^^^^
  File "C:\Users\Tecnologia e infra\AppData\Local\Python\pythoncore-3.14-64\Lib\site-packages\sqlitecloud\driver.py", line 64, in connect
    self._internal_config_apply(connection, config)
    ~~~~~~~~~~~~~~~~~~~~~~~~~~~^^^^^^^^^^^^^^^^^^^^
  File "C:\Users\Tecnologia e infra\AppData\Local\Python\pythoncore-3.14-64\Lib\site-packages\sqlitecloud\driver.py", line 469, in _internal_config_apply
    self._internal_run_command(
    ~~~~~~~~~~~~~~~~~~~~~~~~~~^
        connection, self._internal_serialize_command(command)
        ^^^^^^^^^^^^^^^^^^^^^^^^^^^^^^^^^^^^^^^^^^^^^^^^^^^^^
    )
    ^
  File "C:\Users\Tecnologia e infra\AppData\Local\Python\pythoncore-3.14-64\Lib\site-packages\sqlitecloud\driver.py", line 487, in _internal_run_command
    return self._internal_socket_read(connection, main_socket)
           ~~~~~~~~~~~~~~~~~~~~~~~~~~^^^^^^^^^^^^^^^^^^^^^^^^^
  File "C:\Users\Tecnologia e infra\AppData\Local\Python\pythoncore-3.14-64\Lib\site-packages\sqlitecloud\driver.py", line 595, in _internal_socket_read
    return self._internal_parse_buffer(connection, buffer, len(buffer))
           ~~~~~~~~~~~~~~~~~~~~~~~~~~~^^^^^^^^^^^^^^^^^^^^^^^^^^^^^^^^^
  File "C:\Users\Tecnologia e infra\AppData\Local\Python\pythoncore-3.14-64\Lib\site-packages\sqlitecloud\driver.py", line 736, in _internal_parse_buffer
    raise get_sqlitecloud_error_with_extended_code(
        errmsg.decode(), errcode, xerrcode
    )(errmsg.decode(), errcode, xerrcode)
sqlitecloud.exceptions.SQLiteCloudError: Your free node has been paused due to inactivity. To resume usage, please restart your node from your dashboard: https://dashboard.sqlitecloud.io
2026-07-27 12:52:19 | ERROR | log_error | Falha ao conectar no SQLite Cloud | url=sqlitecloud://cvvuzgkevz.g4.sqlite.cloud:8860/banco_chamados... | Your free node has been paused due to inactivity. To resume usage, please restart your node from your dashboard: https://dashboard.sqlitecloud.io
Traceback (most recent call last):
  File "C:\Users\Tecnologia e infra\Documents\app versao publica\app.py", line 148, in get_cloud_connection
    conn = sqlitecloud.connect(cloud_url)
  File "C:\Users\Tecnologia e infra\AppData\Local\Python\pythoncore-3.14-64\Lib\site-packages\sqlitecloud\dbapi2.py", line 180, in connect
    driver.connect(config.account.hostname, config.account.port, config),
    ~~~~~~~~~~~~~~^^^^^^^^^^^^^^^^^^^^^^^^^^^^^^^^^^^^^^^^^^^^^^^^^^^^^^
  File "C:\Users\Tecnologia e infra\AppData\Local\Python\pythoncore-3.14-64\Lib\site-packages\sqlitecloud\driver.py", line 64, in connect
    self._internal_config_apply(connection, config)
    ~~~~~~~~~~~~~~~~~~~~~~~~~~~^^^^^^^^^^^^^^^^^^^^
  File "C:\Users\Tecnologia e infra\AppData\Local\Python\pythoncore-3.14-64\Lib\site-packages\sqlitecloud\driver.py", line 469, in _internal_config_apply
    self._internal_run_command(
    ~~~~~~~~~~~~~~~~~~~~~~~~~~^
        connection, self._internal_serialize_command(command)
        ^^^^^^^^^^^^^^^^^^^^^^^^^^^^^^^^^^^^^^^^^^^^^^^^^^^^^
    )
    ^
  File "C:\Users\Tecnologia e infra\AppData\Local\Python\pythoncore-3.14-64\Lib\site-packages\sqlitecloud\driver.py", line 487, in _internal_run_command
    return self._internal_socket_read(connection, main_socket)
           ~~~~~~~~~~~~~~~~~~~~~~~~~~^^^^^^^^^^^^^^^^^^^^^^^^^
  File "C:\Users\Tecnologia e infra\AppData\Local\Python\pythoncore-3.14-64\Lib\site-packages\sqlitecloud\driver.py", line 595, in _internal_socket_read
    return self._internal_parse_buffer(connection, buffer, len(buffer))
           ~~~~~~~~~~~~~~~~~~~~~~~~~~~^^^^^^^^^^^^^^^^^^^^^^^^^^^^^^^^^
  File "C:\Users\Tecnologia e infra\AppData\Local\Python\pythoncore-3.14-64\Lib\site-packages\sqlitecloud\driver.py", line 736, in _internal_parse_buffer
    raise get_sqlitecloud_error_with_extended_code(
        errmsg.decode(), errcode, xerrcode
    )(errmsg.decode(), errcode, xerrcode)
sqlitecloud.exceptions.SQLiteCloudError: Your free node has been paused due to inactivity. To resume usage, please restart your node from your dashboard: https://dashboard.sqlitecloud.io
2026-07-27 12:52:19 | ERROR | log_error | Falha ao conectar no SQLite Cloud | url=sqlitecloud://cvvuzgkevz.g4.sqlite.cloud:8860/banco_chamados... | Your free node has been paused due to inactivity. To resume usage, please restart your node from your dashboard: https://dashboard.sqlitecloud.io
Traceback (most recent call last):
  File "C:\Users\Tecnologia e infra\Documents\app versao publica\app.py", line 148, in get_cloud_connection
    conn = sqlitecloud.connect(cloud_url)
  File "C:\Users\Tecnologia e infra\AppData\Local\Python\pythoncore-3.14-64\Lib\site-packages\sqlitecloud\dbapi2.py", line 180, in connect
    driver.connect(config.account.hostname, config.account.port, config),
    ~~~~~~~~~~~~~~^^^^^^^^^^^^^^^^^^^^^^^^^^^^^^^^^^^^^^^^^^^^^^^^^^^^^^
  File "C:\Users\Tecnologia e infra\AppData\Local\Python\pythoncore-3.14-64\Lib\site-packages\sqlitecloud\driver.py", line 64, in connect
    self._internal_config_apply(connection, config)
    ~~~~~~~~~~~~~~~~~~~~~~~~~~~^^^^^^^^^^^^^^^^^^^^
  File "C:\Users\Tecnologia e infra\AppData\Local\Python\pythoncore-3.14-64\Lib\site-packages\sqlitecloud\driver.py", line 469, in _internal_config_apply
    self._internal_run_command(
    ~~~~~~~~~~~~~~~~~~~~~~~~~~^
        connection, self._internal_serialize_command(command)
        ^^^^^^^^^^^^^^^^^^^^^^^^^^^^^^^^^^^^^^^^^^^^^^^^^^^^^
    )
    ^
  File "C:\Users\Tecnologia e infra\AppData\Local\Python\pythoncore-3.14-64\Lib\site-packages\sqlitecloud\driver.py", line 487, in _internal_run_command
    return self._internal_socket_read(connection, main_socket)
           ~~~~~~~~~~~~~~~~~~~~~~~~~~^^^^^^^^^^^^^^^^^^^^^^^^^
  File "C:\Users\Tecnologia e infra\AppData\Local\Python\pythoncore-3.14-64\Lib\site-packages\sqlitecloud\driver.py", line 595, in _internal_socket_read
    return self._internal_parse_buffer(connection, buffer, len(buffer))
           ~~~~~~~~~~~~~~~~~~~~~~~~~~~^^^^^^^^^^^^^^^^^^^^^^^^^^^^^^^^^
  File "C:\Users\Tecnologia e infra\AppData\Local\Python\pythoncore-3.14-64\Lib\site-packages\sqlitecloud\driver.py", line 736, in _internal_parse_buffer
    raise get_sqlitecloud_error_with_extended_code(
        errmsg.decode(), errcode, xerrcode
    )(errmsg.decode(), errcode, xerrcode)
sqlitecloud.exceptions.SQLiteCloudError: Your free node has been paused due to inactivity. To resume usage, please restart your node from your dashboard: https://dashboard.sqlitecloud.io
2026-07-27 12:52:20 | ERROR | log_error | Falha ao conectar no SQLite Cloud | url=sqlitecloud://cvvuzgkevz.g4.sqlite.cloud:8860/banco_chamados... | Your free node has been paused due to inactivity. To resume usage, please restart your node from your dashboard: https://dashboard.sqlitecloud.io
Traceback (most recent call last):
  File "C:\Users\Tecnologia e infra\Documents\app versao publica\app.py", line 148, in get_cloud_connection
    conn = sqlitecloud.connect(cloud_url)
  File "C:\Users\Tecnologia e infra\AppData\Local\Python\pythoncore-3.14-64\Lib\site-packages\sqlitecloud\dbapi2.py", line 180, in connect
    driver.connect(config.account.hostname, config.account.port, config),
    ~~~~~~~~~~~~~~^^^^^^^^^^^^^^^^^^^^^^^^^^^^^^^^^^^^^^^^^^^^^^^^^^^^^^
  File "C:\Users\Tecnologia e infra\AppData\Local\Python\pythoncore-3.14-64\Lib\site-packages\sqlitecloud\driver.py", line 64, in connect
    self._internal_config_apply(connection, config)
    ~~~~~~~~~~~~~~~~~~~~~~~~~~~^^^^^^^^^^^^^^^^^^^^
  File "C:\Users\Tecnologia e infra\AppData\Local\Python\pythoncore-3.14-64\Lib\site-packages\sqlitecloud\driver.py", line 469, in _internal_config_apply
    self._internal_run_command(
    ~~~~~~~~~~~~~~~~~~~~~~~~~~^
        connection, self._internal_serialize_command(command)
        ^^^^^^^^^^^^^^^^^^^^^^^^^^^^^^^^^^^^^^^^^^^^^^^^^^^^^
    )
    ^
  File "C:\Users\Tecnologia e infra\AppData\Local\Python\pythoncore-3.14-64\Lib\site-packages\sqlitecloud\driver.py", line 487, in _internal_run_command
    return self._internal_socket_read(connection, main_socket)
           ~~~~~~~~~~~~~~~~~~~~~~~~~~^^^^^^^^^^^^^^^^^^^^^^^^^
  File "C:\Users\Tecnologia e infra\AppData\Local\Python\pythoncore-3.14-64\Lib\site-packages\sqlitecloud\driver.py", line 595, in _internal_socket_read
    return self._internal_parse_buffer(connection, buffer, len(buffer))
           ~~~~~~~~~~~~~~~~~~~~~~~~~~~^^^^^^^^^^^^^^^^^^^^^^^^^^^^^^^^^
  File "C:\Users\Tecnologia e infra\AppData\Local\Python\pythoncore-3.14-64\Lib\site-packages\sqlitecloud\driver.py", line 736, in _internal_parse_buffer
    raise get_sqlitecloud_error_with_extended_code(
        errmsg.decode(), errcode, xerrcode
    )(errmsg.decode(), errcode, xerrcode)
sqlitecloud.exceptions.SQLiteCloudError: Your free node has been paused due to inactivity. To resume usage, please restart your node from your dashboard: https://dashboard.sqlitecloud.io
2026-07-27 12:54:27 | INFO | init_db | init_db OK | modo=local+cloud | cloud=conectado OK
2026-07-27 12:54:30 | INFO | init_db | init_db OK | modo=local+cloud | cloud=conectado OK
2026-07-27 12:55:15 | INFO | init_db | init_db OK | modo=local+cloud | cloud=conectado OK
2026-07-27 12:55:21 | INFO | init_db | init_db OK | modo=local+cloud | cloud=conectado OK
2026-07-27 12:55:22 | INFO | init_db | init_db OK | modo=local+cloud | cloud=conectado OK
2026-07-27 12:55:42 | INFO | init_db | init_db OK | modo=local+cloud | cloud=conectado OK
2026-07-27 12:55:47 | INFO | sync_local_to_cloud | Sincronização Local → Cloud OK | chamados: 19 registros | equipe: 4 registros | setores: 48 registros | equipamentos: 19 registros
2026-07-27 13:12:40 | INFO | init_db | init_db OK | modo=local+cloud | cloud=conectado OK
2026-07-27 13:12:44 | INFO | init_db | init_db OK | modo=local+cloud | cloud=conectado OK
2026-07-27 13:13:23 | INFO | init_db | init_db OK | modo=local+cloud | cloud=conectado OK
2026-07-27 13:13:56 | INFO | init_db | init_db OK | modo=local+cloud | cloud=conectado OK
2026-07-27 13:14:26 | INFO | init_db | init_db OK | modo=local+cloud | cloud=conectado OK
2026-07-27 13:14:56 | INFO | init_db | init_db OK | modo=local+cloud | cloud=conectado OK
2026-07-27 13:15:40 | INFO | init_db | init_db OK | modo=local+cloud | cloud=conectado OK
